audit_id,audit_date,batch_tag,article_url,article_title,source_file,signals,audit_status,overall_result,severity,issue_categories,content_fidelity,code_fidelity,text_presentation,notes,recommended_action,evidence
RHI-AUD-001,2026-03-15,batch-1-code-and-longform,/helpful-salesforce-b2c-commerce-cloud-cli-tools/,Helpful Salesforce B2C Commerce Cloud CLI tools,src/content/posts/helpful-salesforce-b2c-commerce-cloud-cli-tools/index.md,code-light|image-light,reviewed,pass,none,none,pass,pass,pass,Body content is near-identical to live. Differences are limited to Hugo-specific chrome outside the body and improved descriptive image alt text.,No content fix required. Keep as a control example for later audit batches.,Body Jaccard 0.937; heading/list/image/code counts matched exactly in the article body.
RHI-AUD-002,2026-03-15,batch-1-code-and-longform,/how-to-set-up-the-ecdn-in-sfcc-staging/,How to set up the eCDN for Staging in Salesforce B2C Commerce Cloud,src/content/posts/how-to-set-up-the-ecdn-in-sfcc-staging/index.md,code-heavy|image-light|warning-callout,reviewed,pass,none,none,pass,pass,pass,"The local article now matches the live title and restores the broken credential and JSON placeholders while preserving the deprecation warning that is already present on the live page.",No further content fix required.,"Verified live vs local after remediation: both now render the same H1, the `<tenantID>` scope placeholder, the `<client-id>:<client-secret>` credential placeholder, and the escaped JSON payload for `domainName`."
RHI-AUD-003,2026-03-15,batch-1-code-and-longform,/how-to-use-ocapi-scapi-hooks/,Using OCAPI and SCAPI Hooks in SFCC,src/content/posts/how-to-use-ocapi-scapi-hooks/index.md,code-heavy|longform|update-note,reviewed,pass,none,none,pass,pass,pass,"The July 2025 update note is present on both the live and Hugo versions, and the remaining shorter Hugo H1 is accepted under the owner-approved global title policy for title-only medium rows.",No further content fix required under current title policy.,"Body Jaccard 0.964; current live/local review shows the 26 July 2025 update note on both pages. The only residual variance is the H1: live is `The OCAPI/SCAPI Hooks Playbook: A Deep Dive into Salesforce B2C Commerce Best Practices` while Hugo is `Using OCAPI and SCAPI Hooks in SFCC`, which closes under the 2026-03-15 global title policy."
RHI-AUD-004,2026-03-15,batch-1-code-and-longform,/mail-attachments-in-b2c-commerce-cloud/,Mail Attachments in B2C Commerce Cloud,src/content/posts/mail-attachments-in-b2c-commerce-cloud/index.md,code-heavy|longform,reviewed,pass,none,none,pass,pass,pass,"The quick-solution MIME template now restores the leading `<iscontent>` declaration so the rendered code block matches the live article's copy-paste-safe example.",No further content fix required.,"Verified live vs local after remediation: both rendered articles now include `<iscontent type=""multipart/mixed; boundary=001a113414f6401b8604f1451630"" compact=""false"" charset=""ISO-8859-1"">` ahead of the multipart boundary in the first template block."
RHI-AUD-005,2026-03-15,batch-1-code-and-longform,/guide-to-the-getprops-method-in-sfcc/,A Developer’s Guide to Using the getProps Method in the PWA Kit,src/content/posts/guide-to-the-getprops-method-in-sfcc/index.md,code-heavy|jsx,reviewed,pass,none,none,pass,pass,pass,"The local article now matches the live title and restores the missing `<h1>` wrappers in the JSX examples, including the fallback variants later in the article.",No further content fix required.,"Verified live vs local after remediation: both now render the `A Developer’s Guide...` H1 and the JSX examples `const ProductDetails = ({name}) => ( <h1>{name}</h1> )` and `const ProductDetails = ({name}) => ( <h1>{name ?? 'My fallback'}</h1> )` without the broken bare-expression form."
RHI-AUD-006,2026-03-15,batch-1-code-and-longform,/mastering-chunk-oriented-job-steps-in-salesforce-b2c-commerce-cloud/,Mastering Chunk-Oriented Job Steps in SFCC,src/content/posts/mastering-chunk-oriented-job-steps-in-salesforce-b2c-commerce-cloud/index.md,code-heavy,reviewed,pass,none,none,pass,pass,pass,"The chunk-job walkthrough now renders the `write-function` list item cleanly again, and the remaining shorter Hugo H1 is accepted under the owner-approved global title policy for title-only medium rows.",No further content fix required under current title policy.,"Body Jaccard 0.956; current local render no longer shows the malformed `**write-function**` token in the function list. The only residual variance is the H1: live is `Mastering Chunk-Oriented Job Steps in Salesforce B2C Commerce Cloud` while Hugo is `Mastering Chunk-Oriented Job Steps in SFCC`, which closes under the 2026-03-15 global title policy."
RHI-AUD-007,2026-03-15,batch-1-code-and-longform,/a-survival-guide-to-sfcc-platform-limits/,Survival Guide to SFCC Platform Limits,src/content/posts/a-survival-guide-to-sfcc-platform-limits/index.md,longform,reviewed,pass,none,none,pass,pass,pass,"The body tracks live extremely closely, and the shorter Hugo H1 is accepted under the owner-approved global title policy for title-only medium rows.",No further content fix required under current title policy.,"Body Jaccard 0.994; current live/local review confirms intact body parity. The remaining H1 delta from live `The SFCC Quota Gauntlet: A Developer’s Survival Guide to the Top Platform Limits` to Hugo `Survival Guide to SFCC Platform Limits` closes under the 2026-03-15 global title policy."
RHI-AUD-008,2026-03-15,batch-1-code-and-longform,/lag-to-riches-a-pwa-kit-developers-guide/,PWA Kit Developer's Guide to Storefront Speed,src/content/posts/lag-to-riches-a-pwa-kit-developers-guide/index.md,longform|table-heavy|inline-code,reviewed,pass,none,none,pass,pass,pass,"The current live/local review no longer reproduces the earlier inline-code concern, and the remaining shorter Hugo H1 is accepted under the owner-approved global title policy for title-only medium rows.",No further content fix required under current title policy.,"Body Jaccard 0.976; current live/local rendered checks did not reproduce the earlier `<head>`, `<Script>`, or `dangerouslySetInnerHTML` code-node concern. The only residual variance is the H1: live is `From Lag to Riches: A PWA Kit Developer’s Guide to Storefront Speed` while Hugo is `PWA Kit Developer's Guide to Storefront Speed`, which closes under the 2026-03-15 global title policy."
RHI-AUD-009,2026-03-15,batch-1-code-and-longform,/salesforce-b2c-commerce-cloud-documentation/,Salesforce B2C Commerce Cloud Documentation,src/content/posts/salesforce-b2c-commerce-cloud-documentation/index.md,longform|table-heavy,reviewed,pass,none,none,pass,pass,pass,The Hugo article preserves the live body closely enough for migration purposes. Differences are incremental additions rather than breakage.,No immediate content fix required. Keep as a stable long-form reference in future batches.,Body Jaccard 0.977; H1 and heading structure matched.
RHI-AUD-010,2026-03-15,batch-1-code-and-longform,/a-look-at-the-salesforce-b2c-commerce-cloud-24-2-release/,A look at the Salesforce B2C Commerce Cloud 24.2 release,src/content/posts/a-look-at-the-salesforce-b2c-commerce-cloud-24-2-release/index.md,release-notes|callout-heavy,reviewed,pass,none,none,pass,pass,pass,"The previously flagged Partitioned Cookies warning callouts are present on both the live and Hugo versions, so this row no longer shows a migration-only fidelity defect.",No further content fix required.,"Current live/local review shows the same H1 on both pages plus the same `On By Default` and `Affects Hybrid Deployments` callout text before the Partitioned Cookies section body. The earlier content-insertion finding is no longer reproducible as migration drift."
RHI-AUD-011,2026-03-15,batch-1-code-and-longform,/lets-go-live-ecdn/,Let’s GO-LIVE: eCDN,src/content/posts/lets-go-live-ecdn/index.md,code-light|warning-text,reviewed,pass,none,none,pass,pass,pass,"The malformed naked-domain example has been restored to the live wording and the local H1 now matches the live punctuation.",No further content fix required.,"Verified live vs local after remediation: both now render `Let’s GO-LIVE: eCDN` and the sentence `With a naked domain we mean https://mybrand.com (without the www).` with no broken inline markup."
RHI-AUD-012,2026-03-15,batch-1-code-and-longform,/field-guide-to-custom-caches-in-sfcc/,Field Guide to Custom Caches: Wielding a Double-Edged Sword,src/content/posts/field-guide-to-custom-caches-in-sfcc/index.md,code-heavy|longform,reviewed,pass,none,none,pass,pass,pass,"The CacheMgr paragraph now renders as a normal linked reference again, so the custom-cache guide no longer shows a migration-only presentation defect.",No further content fix required.,"Verified live vs local after remediation: both pages now show a normal linked `dw.system.CacheMgr` reference in the opening custom-cache explanation instead of exposing literal markdown-link syntax and the raw documentation URL in body text."
RHI-AUD-013,2026-03-15,batch-1-code-and-longform,/sfcc-url-cracking-the-code/,The Salesforce B2C Commerce Cloud URL: Cracking the Code,src/content/posts/sfcc-url-cracking-the-code/index.md,code-heavy|url-examples,reviewed,pass,none,none,pass,pass,pass,"The two example URLs now match the live article again, with `&param2=value2` restored in both query-string samples.",No further content fix required.,"Verified live vs local after remediation: both query-string examples now contain `param1=value1&param2=value2`, and the broken `param1=value1¶m2=value2` form is absent from the local render."
RHI-AUD-014,2026-03-15,batch-2-code-heavy,/navigating-dates-calendars-in-sfcc/,"Dates, Calendars, and Time Zones in SFCC",src/content/posts/navigating-dates-calendars-in-sfcc/index.md,code-heavy|date-api,reviewed,pass,none,none,pass,pass,pass,"The local-only documentation note inserted near the Calendar conversion warnings has been removed, leaving only the shorter Hugo H1, which is accepted under the owner-approved global title policy for title-only medium rows.",No further content fix required.,"Body Jaccard 0.968; live H1 is `Navigating Dates, Calendars, and Timezones in Salesforce B2C Commerce Cloud` while Hugo H1 is `Dates, Calendars, and Time Zones in SFCC`. Current live/local review showed the extra local `Documentation:` note block was not present on the live page; after removing it, the only residual delta is the accepted H1 rewrite."
RHI-AUD-015,2026-03-15,batch-2-code-heavy,/what-is-the-ocapi-session-bridge/,What is the OCAPI session bridge?,src/content/posts/what-is-the-ocapi-session-bridge/index.md,code-heavy|api-config,reviewed,pass,none,none,pass,pass,pass,The article preserves the live body and code examples closely enough for migration parity. The remaining differences are structural list rendering rather than technical drift.,No immediate content fix required.,"Body Jaccard 0.941; H1 and sampled code blocks matched, including the OCAPI settings JSON and request example."
RHI-AUD-016,2026-03-15,batch-2-code-heavy,/an-overview-of-sfcc-global-functions/,SFCC Global Functions Overview,src/content/posts/an-overview-of-sfcc-global-functions/index.md,code-heavy|api-reference,reviewed,pass,none,none,pass,pass,pass,"The live body and code samples remain intact, and the shorter Hugo H1 is accepted under the owner-approved global title policy for title-only medium rows.",No further content fix required under current title policy.,"Body Jaccard 0.957; current live/local review confirms intact body parity. The remaining H1 delta from live `A Comprehensive Overview of Server-Side Global Functions in Salesforce B2C Commerce Cloud` to Hugo `SFCC Global Functions Overview` closes under the 2026-03-15 global title policy."
RHI-AUD-017,2026-03-15,batch-2-code-heavy,/how-to-use-node-18-with-sfra/,Using Node 18 with SFRA,src/content/posts/how-to-use-node-18-with-sfra/index.md,code-heavy|node-upgrade,reviewed,pass,none,none,pass,pass,pass,"The compatibility guidance near the top of the Node 18 article is present on both the live and Hugo versions, and the remaining shorter Hugo H1 is accepted under the owner-approved global title policy for title-only medium rows.",No further content fix required under current title policy.,"Body Jaccard 0.969; current live/local review shows the `SFRA versions prior to 6.2.0` guidance on both pages. The only residual variance is the H1: live is `SFRA and Node 18: A Match Made in eCommerce Paradise or Hell?` while Hugo is `Using Node 18 with SFRA`, which closes under the 2026-03-15 global title policy."
RHI-AUD-018,2026-03-15,batch-2-code-heavy,/how-to-filter-jsdoc-in-storybook-autodocs/,How to filter JSDoc in Storybook Autodocs,src/content/posts/how-to-filter-jsdoc-in-storybook-autodocs/index.md,code-heavy|inline-html,reviewed,pass,none,none,pass,pass,pass,"The page renders inline HTML-like snippets and fenced code examples correctly in the Hugo output. Code-node count differences are presentation-level, not content loss.",No immediate content fix required.,"Body Jaccard 0.934; the local page visibly renders `<Description/>`, `<Description />`, and the preview.jsx block correctly."
RHI-AUD-019,2026-03-15,batch-2-code-heavy,/creating-custom-ocapi-endpoints/,Creating custom OCAPI endpoints,src/content/posts/creating-custom-ocapi-endpoints/index.md,code-heavy|deprecation-note,reviewed,pass,none,none,pass,pass,pass,"The previously flagged deprecation warning is present on both the live and Hugo versions, so this row no longer shows a migration-only framing defect.",No further content fix required.,"Current live/local review shows the same H1 plus the same top-of-article `Deprecated` warning and `Warning!` caution text on both pages. The earlier deprecation-note insertion finding is no longer reproducible as migration drift."
RHI-AUD-020,2026-03-15,batch-2-code-heavy,/where-to-hook-into-an-sfra-controller/,"Where can you ""hook"" into an SFRA request or controller?",src/content/posts/where-to-hook-into-an-sfra-controller/index.md,code-heavy|controller-hooks,reviewed,pass,none,none,pass,pass,pass,The body and code examples are preserved. The only visible title difference is punctuation normalization of quotation marks.,No immediate content fix required.,Body Jaccard 0.969; H1 wording is semantically identical and the prepend/append controller examples matched.
RHI-AUD-021,2026-03-15,batch-2-code-heavy,/unravelling-the-mystery-of-dates-in-the-ocapi/,Unravelling the mystery of dates in the OCAPI,src/content/posts/unravelling-the-mystery-of-dates-in-the-ocapi/index.md,code-heavy|query-filters,reviewed,pass,none,none,pass,pass,pass,"The prose-only OCAPI date-field spacing drift has been normalized to match the raw WordPress source, resolving the baseline-sensitive identifier concern without changing the intact code examples.",No further content fix required.,"Current live/local checks showed clean identifiers in code blocks but spaced variants such as `creation _date`, `valid _ from`, and `to _ value` in prose. The raw WordPress export in `tmp/wordpress-database.sql` confirms the source used `creation_date`, `valid_from`, `valid_to`, and `to_value`, so the local prose spacing was a migration defect and has now been corrected."
RHI-AUD-022,2026-03-15,batch-2-code-heavy,/submitting-a-file-to-a-third-party-service-in-sfcc/,Submitting a file to a third party service in SFCC,src/content/posts/submitting-a-file-to-a-third-party-service-in-sfcc/index.md,code-heavy|service-integration,reviewed,pass,none,none,pass,pass,pass,The body and service-code examples remain usable and faithful to the live article. Differences are limited to paragraph grouping.,No immediate content fix required.,Body Jaccard 0.965; H1 matched and sampled LocalServiceRegistry code blocks aligned with the live article.
RHI-AUD-023,2026-03-15,batch-2-code-heavy,/leveraging-generic-mappings-in-sfcc/,Leveraging Generic Mapping for Efficient Data Integration,src/content/posts/leveraging-generic-mappings-in-sfcc/index.md,code-heavy|inline-placeholders,reviewed,pass,none,none,pass,pass,pass,The Hugo page preserves the technical examples and renders placeholder tokens such as `<key>` and `<value1>` as intended inline code. Extra code-node splits are presentation-level only.,No immediate content fix required.,"Body Jaccard 0.960; live and local examples for CSV structure, MappingMgr access, and iterator usage remained intact in the rendered page."
RHI-AUD-024,2026-03-15,batch-3-code-heavy,/image-ine-sfcc-dis-for-developers/,Image-ine: Salesforce B2C Commerce Cloud DIS for Developers,src/content/posts/image-ine-sfcc-dis-for-developers/index.md,code-heavy|inline-parameters,reviewed,pass,none,none,pass,pass,pass,"The DIS parameter references now render as clean inline code again, and the earlier DIS-and-eCDN notice concern is not a migration-only defect because the notice is present on both live and local pages.",No further content fix required.,"Verified live vs local after remediation: both pages now show the same H1 and the same DIS/eCDN notice, while the Hugo render no longer exposes literal `**scaleWidth**`, `**scaleHeight**`, `**cropX**`, `**imageX**`, or related bold-marked parameter tokens in the explanatory prose."
RHI-AUD-025,2026-03-15,batch-3-code-heavy,/the-request-body-in-an-sfcc-controller/,Get the Request Body in an SFCC Controller,src/content/posts/the-request-body-in-an-sfcc-controller/index.md,code-heavy|controller-basics,reviewed,pass,none,none,pass,pass,pass,"The body and code examples are intact, and the shorter Hugo H1 is accepted under the owner-approved global title policy for title-only medium rows.",No further content fix required under current title policy.,"Body Jaccard 1.000; current live/local review confirms intact body parity. The remaining H1 delta from live `How to retrieve the Request Body in an SFCC Controller easily` to Hugo `Get the Request Body in an SFCC Controller` closes under the 2026-03-15 global title policy."
RHI-AUD-026,2026-03-15,batch-3-code-heavy,/submit-multipart-form-data-to-a-third-party-service-in-sfcc/,Submit multipart/form-data in SFCC,src/content/posts/submit-multipart-form-data-to-a-third-party-service-in-sfcc/index.md,code-heavy|multipart-upload,reviewed,pass,none,none,pass,pass,pass,"The opening multipart-upload guidance now matches the live article body, and the remaining shorter Hugo H1 is accepted under the owner-approved global title policy for title-only medium rows.",No further content fix required under current title policy.,"Body Jaccard 0.991; current live/local review shows the same opening advisory copy on both pages. The only residual variance is the H1: live is `Submit “multipart/form-data” to a third-party service in SFCC` while Hugo is `Submit multipart/form-data in SFCC`, which closes under the 2026-03-15 global title policy."
RHI-AUD-027,2026-03-15,batch-3-code-heavy,/how-to-extend-active-data-in-salesforce-b2c-commerce-cloud/,How to extend Active Data in Salesforce B2C Commerce Cloud,src/content/posts/how-to-extend-active-data-in-salesforce-b2c-commerce-cloud/index.md,code-heavy|active-data|inline-tags,reviewed,pass,none,none,pass,pass,pass,"The missing client-side Active Data script example has been restored so the storefront tracking section once again matches the live technical example.",No further content fix required.,"Verified live vs local after remediation: both now render the example comment plus `<script type=""text/javascript"">` and `dw.ac._capture({id: ""5024501"", type: ""detail""});` in the storefront tracking block."
RHI-AUD-028,2026-03-15,batch-3-code-heavy,/the-createorders-api-in-sfcc/,Create External Orders in SFCC with createOrders,src/content/posts/the-createorders-api-in-sfcc/index.md,code-heavy|api-auth,reviewed,pass,none,none,pass,pass,pass,"The article keeps its core implementation guidance intact, and the remaining shorter Hugo H1 is accepted under the owner-approved global title policy for title-only medium rows.",No further content fix required under current title policy.,"Body Jaccard 0.984; current live/local review confirms intact body and code parity. The remaining H1 delta from live `Effortlessly Create External Orders in Salesforce Commerce Cloud` to Hugo `Create External Orders in SFCC with createOrders` closes under the 2026-03-15 global title policy."
RHI-AUD-029,2026-03-15,batch-3-code-heavy,/how-to-set-up-slas-for-the-composable-storefront/,How to set up SLAS for the Composable Storefront,src/content/posts/how-to-set-up-slas-for-the-composable-storefront/index.md,code-heavy|slas|placeholder-url,reviewed,pass,none,none,pass,pass,pass,"The malformed SLAS Admin login example has been normalized to the same clean placeholder URL the live article shows.",No further content fix required.,"Verified live vs local after remediation: both now render `https://{{Short_Code}}.api.commercecloud.salesforce.com/shopper/auth-admin/v1/sso/login` in the Step 2 guidance sentence."
RHI-AUD-030,2026-03-15,batch-3-code-heavy,/salesforce-b2c-commerce-cloud-governance-and-quotas/,Salesforce B2C Commerce Cloud Governance and Quotas,src/content/posts/salesforce-b2c-commerce-cloud-governance-and-quotas/index.md,code-heavy|quota-guidance,reviewed,pass,none,none,pass,pass,pass,"The body and code examples remain faithful to the live article, with only minor punctuation normalization.",No immediate content fix required.,Body Jaccard 0.980; H1 matched and sampled quota/code examples aligned with the live article.
RHI-AUD-031,2026-03-15,batch-3-code-heavy,/caching-in-the-sfcc-composable-storefront/,Caching in the Salesforce Composable Storefront,src/content/posts/caching-in-the-sfcc-composable-storefront/index.md,code-heavy|caching,reviewed,pass,none,none,pass,pass,pass,The article preserves the live body and code examples closely enough for migration parity. Differences are limited to additional explanatory paragraphs and callout treatment.,No immediate content fix required.,Body Jaccard 0.991; H1 matched and the sampled Cache-Control and response.setExpires examples aligned with the live article.
RHI-AUD-032,2026-03-15,batch-4-code-heavy,/sending-emails-from-sfcc/,Sending Emails from SFCC,src/content/posts/sending-emails-from-sfcc/index.md,code-heavy|email,reviewed,pass,none,none,pass,pass,pass,"The technical body and code examples are intact, and the remaining shorter Hugo H1 is accepted under the owner-approved global title policy for title-only medium rows.",No further content fix required under current title policy.,"Body Jaccard 0.987; current live/local review confirms intact body and code parity. The remaining H1 delta from live `Sending Emails from Salesforce B2C Commerce Cloud: A Comprehensive Guide` to Hugo `Sending Emails from SFCC` closes under the 2026-03-15 global title policy."
RHI-AUD-033,2026-03-15,batch-4-code-heavy,/migrate-magento-passwords-using-argon2/,How to migrate passwords from Magento using Argon2,src/content/posts/migrate-magento-passwords-using-argon2/index.md,code-heavy|migration-script,reviewed,pass,none,none,pass,pass,pass,The Hugo article preserves the live body and code samples closely enough for migration parity.,No immediate content fix required.,Body Jaccard 0.997; H1 matched and sampled hash and Node.js code blocks aligned with the live article.
RHI-AUD-034,2026-03-15,batch-4-code-heavy,/salesforce-b2c-commerce-cloud-23-2/,Salesforce B2C Commerce Cloud 23.2,src/content/posts/salesforce-b2c-commerce-cloud-23-2/index.md,release-notes|code-light,reviewed,pass,none,none,pass,pass,pass,"The previously flagged Page Designer caption text is present on both the live and Hugo versions, and the only remaining related-link wording difference is semantically equivalent rather than a migration defect.",No further content fix required.,"Current live/local review shows the same H1 plus the same `Old Page Designer Structure` and `New Page Designer Structure` caption text on both pages. The live page uses `Click here!` for the related 23.1 link while Hugo uses `Read the 23.1 release notes!`, which is a semantically equivalent link-label change rather than a migration-only insertion defect."
RHI-AUD-035,2026-03-15,batch-4-code-heavy,/salesforce-b2c-commerce-cloud-22-8/,Salesforce B2C Commerce Cloud 22.8,src/content/posts/salesforce-b2c-commerce-cloud-22-8/index.md,release-notes|xml-snippets,reviewed,pass,none,none,pass,pass,pass,"The Salesforce Payments customer-import section now restores the XML and XSD snippets that were flattened into prose during migration.",No further content fix required.,"Verified live vs local after remediation: both now render `<xsd:element name=""customer-payment-profiles"" ...>` and the `complexType.CustomerPaymentProfile` block with `account-id`, `account-type`, and `account-customer-id` attributes as code instead of prose placeholders."
RHI-AUD-036,2026-03-15,batch-4-code-heavy,/salesforce-b2c-commerce-cloud-23-1/,Salesforce B2C Commerce Cloud 23.1,src/content/posts/salesforce-b2c-commerce-cloud-23-1/index.md,release-notes|code-light,reviewed,pass,none,none,pass,pass,pass,"The migration-tool commentary and Slack feedback note that were previously flagged are present on both the live and Hugo versions, so this row no longer shows a migration-only insertion defect.",No further content fix required.,"Current live/local review shows the same H1 plus the same opening migration-tool commentary: `I am unable to test this tool out myself` and `Feel free to poke me on Slack` appear on both pages. The earlier content-insertions finding is no longer reproducible as migration drift."
RHI-AUD-037,2026-03-15,batch-4-code-heavy,/local-vs-shared-variation-attributes-sfcc/,Local vs Shared Variation Attributes in Commerce Cloud,src/content/posts/local-vs-shared-variation-attributes-sfcc/index.md,code-heavy|xml-snippets,reviewed,pass,none,none,pass,pass,pass,"The local and shared catalog-import XML examples have been restored so the article once again preserves the live technical comparison between both variation-attribute models.",No further content fix required.,"Verified live vs local after remediation: both now render the local XML example beginning with `<?xml version=""1.0"" encoding=""UTF-8""?>` plus the shared example containing `shared-variation-attribute` references and the final `custom-attribute attribute-id=""size"">18</custom-attribute>` mapping."
RHI-AUD-038,2026-03-15,batch-4-code-heavy,/how-to-change-the-code-compatibility-mode-in-salesforce-b2c-commerce-cloud/,Change Code Compatibility Mode in SFCC,src/content/posts/how-to-change-the-code-compatibility-mode-in-salesforce-b2c-commerce-cloud/index.md,code-heavy|platform-settings,reviewed,pass,none,none,pass,pass,pass,"The article body and code samples are intact, and the remaining shorter Hugo H1 is accepted under the owner-approved global title policy for title-only medium rows.",No further content fix required under current title policy.,"Body Jaccard 1.000; current live/local review confirms intact body and code parity. The remaining H1 delta from live `How to change the code Compatibility Mode in Salesforce B2C Commerce Cloud` to Hugo `Change Code Compatibility Mode in SFCC` closes under the 2026-03-15 global title policy."
RHI-AUD-039,2026-03-15,batch-4-code-heavy,/how-to-load-client-side-javascript-and-css-in-sfra/,How to load client-side JavaScript and CSS in SFRA,src/content/posts/how-to-load-client-side-javascript-and-css-in-sfra/index.md,code-heavy|isml-snippets,reviewed,pass,none,none,pass,pass,pass,"The helper, htmlHead, scripts, and page-decoration ISML examples have been restored so the SFRA asset-loading article again matches the live implementation guidance.",No further content fix required.,"Verified live vs local after remediation: both now render the styles loop with `integrity=""${style.integrity}"" crossorigin=""anonymous""`, the `//common/scripts.isml` block, and the final `<isdecorate template=""common/layout/page"">` example."
RHI-AUD-040,2026-03-15,batch-4-code-heavy,/secure-coding-in-salesforce-b2c-commerce-cloud/,Secure Coding in Salesforce B2C Commerce Cloud,src/content/posts/secure-coding-in-salesforce-b2c-commerce-cloud/index.md,code-heavy|security-guidance,reviewed,pass,none,none,pass,pass,pass,The Hugo article preserves the live body and security examples closely enough for migration parity.,No immediate content fix required.,Body Jaccard 0.954; H1 matched and the security-header JSON example remained intact.
RHI-AUD-041,2026-03-15,batch-4-code-heavy,/why-circumventing-sfcc-quota-limits-is-a-bad-idea/,Why Bypassing SFCC Quota Limits Backfires,src/content/posts/why-circumventing-sfcc-quota-limits-is-a-bad-idea/index.md,code-heavy|quota-guidance,reviewed,pass,none,none,pass,pass,pass,"The article body and code examples remain intact, and the shorter Hugo H1 is now accepted under the owner-approved global title policy for title-only medium rows.",No further content fix required under current title policy.,"Body Jaccard 1.000; current live/local review confirms intact body and code parity. Owner decision on 2026-03-15 accepts shorter H1 rewrites globally for title-only medium rows, so the live `Why Circumventing Salesforce B2C Commerce Cloud Quota Limits Is a Bad Idea` versus Hugo `Why Bypassing SFCC Quota Limits Backfires` delta no longer blocks parity closure."
RHI-AUD-042,2026-03-15,batch-5-code-heavy,/the-deprecation-of-the-uuid-token-for-api-clients/,The deprecation of the UUID Token for API Clients,src/content/posts/the-deprecation-of-the-uuid-token-for-api-clients/index.md,code-heavy|jwt|api-auth,reviewed,pass,none,none,pass,pass,pass,The body and token-response examples remain faithful to the live article. Differences are limited to normal HTML-to-Hugo formatting changes outside the technical substance.,No immediate content fix required.,Body Jaccard 0.968; H1 matched and the UUID/JWT token response examples plus surrounding authentication guidance stayed intact.
RHI-AUD-043,2026-03-15,batch-5-code-heavy,/caching-rest-apis-in-sfcc/,Server-Side Caching for Faster SFCC REST APIs,src/content/posts/caching-rest-apis-in-sfcc/index.md,code-heavy|ocapi|scapi,reviewed,pass,none,none,pass,pass,pass,"The technical body and cache examples remain intact, and the shorter Hugo H1 is now accepted under the owner-approved global title policy for title-only medium rows.",No further content fix required under current title policy.,"Body Jaccard 0.921; current live/local review confirms matching opening body flow and cache examples. Owner decision on 2026-03-15 accepts shorter H1 rewrites globally for title-only medium rows, so the live `Leveraging Server-Side Caching to Improve SFCC REST API Speed` versus Hugo `Server-Side Caching for Faster SFCC REST APIs` delta no longer blocks parity closure."
RHI-AUD-044,2026-03-15,batch-5-code-heavy,/how-to-setup-oauth-jwt-for-the-ocapi/,How to setup OAuth JWT for the OCAPI,src/content/posts/how-to-setup-oauth-jwt-for-the-ocapi/index.md,code-heavy|jwt|ocapi,reviewed,pass,none,none,pass,pass,pass,The article preserves the live authentication flow and code samples closely enough for migration parity. Remaining differences are limited to punctuation-level heading normalization.,No immediate content fix required.,Body Jaccard 0.861; H1 matched and both the openssl key-generation command and Postman JWT-generation snippet aligned with the live article.
RHI-AUD-045,2026-03-15,batch-5-code-heavy,/a-beginners-guide-to-webdav-in-sfcc/,Beginner's Guide to WebDAV in SFCC,src/content/posts/a-beginners-guide-to-webdav-in-sfcc/index.md,code-heavy|webdav|file-management,reviewed,pass,none,none,pass,pass,pass,"The body and WebDAV example content remain intact, and the shorter Hugo H1 is now accepted under the owner-approved global title policy for title-only medium rows.",No further content fix required under current title policy.,"Body Jaccard 0.962; current live/local review confirms matching opening body flow and WebDAV guidance. Owner decision on 2026-03-15 accepts shorter H1 rewrites globally for title-only medium rows, so the live `A Beginner’s Guide to WebDAV for Salesforce B2C Commerce Cloud: Simplifying File Management` versus Hugo `Beginner's Guide to WebDAV in SFCC` delta no longer blocks parity closure."
RHI-AUD-046,2026-03-15,batch-5-code-heavy,/custom-preferences-in-sfcc/,Using Custom Preferences in SFCC,src/content/posts/custom-preferences-in-sfcc/index.md,code-heavy|sfcc-script|configuration,reviewed,pass,none,none,pass,pass,pass,"The core body and script examples are preserved, and the shorter Hugo H1 is now accepted under the owner-approved global title policy for title-only medium rows.",No further content fix required under current title policy.,"Body Jaccard 0.956; current live/local review confirms intact body and script parity. Owner decision on 2026-03-15 accepts shorter H1 rewrites globally for title-only medium rows, so the live `Custom Preferences in Salesforce B2C Commerce Cloud: A Developer Guide` versus Hugo `Using Custom Preferences in SFCC` delta no longer blocks parity closure."
RHI-AUD-047,2026-03-15,batch-5-code-heavy,/fetching-data-in-a-locale-with-sfcc/,Fetch Data in Another Locale with SFCC,src/content/posts/fetching-data-in-a-locale-with-sfcc/index.md,code-heavy|locale|scapi-placeholders,reviewed,pass,none,none,pass,pass,pass,"The locale-switching examples and SCAPI placeholder URL remain intact, and the shorter Hugo H1 is now accepted under the owner-approved global title policy for title-only medium rows.",No further content fix required under current title policy.,"Body Jaccard 0.927; current live/local review confirms intact locale-switching examples and SCAPI placeholder URL parity. Owner decision on 2026-03-15 accepts shorter H1 rewrites globally for title-only medium rows, so the live `How do you fetch data in a different locale from Salesforce B2C Commerce Cloud?` versus Hugo `Fetch Data in Another Locale with SFCC` delta no longer blocks parity closure."
RHI-AUD-048,2026-03-15,batch-5-code-heavy,/custom-ttf-fonts-in-pdf-for-sfcc/,Custom TTF fonts in PDF for Salesforce B2C Commerce Cloud,src/content/posts/custom-ttf-fonts-in-pdf-for-sfcc/index.md,code-heavy|pdf|font-config,reviewed,pass,none,none,pass,pass,pass,The body and jsPDF/font-registration examples remain faithful to the live article. Differences are limited to routine render normalization.,No immediate content fix required.,Body Jaccard 0.950; H1 matched and the jsPDF font-registration snippets aligned with the live article.
RHI-AUD-049,2026-03-15,batch-5-code-heavy,/salesforce-b2c-commerce-cloud-22-10/,Salesforce B2C Commerce Cloud 22.10,src/content/posts/salesforce-b2c-commerce-cloud-22-10/index.md,release-notes|api-config|inline-code,reviewed,pass,none,none,pass,pass,pass,"The release-note body and technical examples remain intact. Additional inline admin URLs surface as code nodes locally, but they remain readable and technically correct.",No immediate content fix required.,"Body Jaccard 0.852; H1, opening paragraphs, and heading sequence matched, and the extra local code nodes reflect inline admin URLs rather than source corruption."
RHI-AUD-050,2026-03-15,batch-5-code-heavy,/slas-in-sfra-or-sitegenesis/,SLAS Session Sync in SFRA and SiteGenesis,src/content/posts/slas-in-sfra-or-sitegenesis/index.md,code-heavy|slas|hybrid-auth,reviewed,pass,none,none,pass,pass,pass,"The broken `plugin_ slas` token in the refresh-token section has been normalized to `plugin_slas`, and the shorter Hugo H1 is accepted under the owner-approved global title policy for title-only medium rows.",No further content fix required.,"Body Jaccard 0.969; current live/local review confirmed intact body parity apart from one local `plugin_ slas` token in the refresh-token paragraph. After remediation, that token now matches the repeated live `plugin_slas` form, and the remaining H1 delta is accepted under the 2026-03-15 global title policy."
RHI-AUD-051,2026-03-15,batch-5-code-heavy,/getting-to-know-the-sfcc-24-4-release/,Getting to know the SFCC 24.4 Release,src/content/posts/getting-to-know-the-sfcc-24-4-release/index.md,release-notes|api-errors|header-tokens,reviewed,pass,none,none,pass,pass,pass,"The local release note now restores both the rogue-query tenant placeholder example and the `sfdc_customization_error` response-header token to match the live article.",No further content fix required.,"Verified live vs local after remediation: the local page now renders `Search request offset <value> is greater than offset limit 200000 for tenant '<GroupID>_<Instance>', type 'order']` and `sfdc_customization_error`, with the broken placeholder and spaced header form removed."
RHI-AUD-052,2026-03-15,batch-6-code-heavy,/kickstart-guide-for-new-sfcc-developers/,The Kickstart Guide for New Salesforce B2C Commerce Developers,src/content/posts/kickstart-guide-for-new-sfcc-developers/index.md,code-heavy|sfra|cartridge-path,reviewed,pass,none,none,pass,pass,pass,"The cartridge-path examples and the live H1 have been restored, so the onboarding article is once again copy-safe and title-faithful to the live baseline.",No further content fix required.,"Verified live vs local after remediation: both now render `app_custom_mybrand:plugin_payment:app_storefront_base`, `app_custom_mybrand`, and `app_storefront_base`, and both use the H1 `The Kickstart Guide for New Salesforce B2C Commerce Developers`."
RHI-AUD-053,2026-03-15,batch-6-code-heavy,/server-side-performance-in-sfcc/,Server-Side Performance Troubleshooting in SFCC,src/content/posts/server-side-performance-in-sfcc/index.md,code-light|performance|inline-isml,reviewed,pass,none,none,pass,pass,pass,"The `<iscache>` tag text that was previously flagged is visible on both the live and Hugo versions, and the shorter Hugo H1 is accepted under the owner-approved global title policy for title-only medium rows.",No further content fix required under current title policy.,"Body Jaccard 0.902; current live/local review shows the same `There are two ways: <iscache> tags SFRA Cache Middleware Functions` reading flow on both pages. The earlier inline-code-review finding is no longer reproducible as migration-only drift, and the remaining H1 delta is accepted under the 2026-03-15 global title policy."
RHI-AUD-054,2026-03-15,batch-6-code-heavy,/taming-the-beast-a-developers-deep-dive-into-sfcc-meta-tag-rules/,Deep Dive into SFCC Meta Tag Rules,src/content/posts/taming-the-beast-a-developers-deep-dive-into-sfcc-meta-tag-rules/index.md,code-heavy|meta-rules|inline-code,reviewed,pass,none,none,pass,pass,pass,"The malformed emphasis spacing in the explanatory prose has been normalized, and the shorter Hugo H1 is accepted under the owner-approved global title policy for title-only medium rows.",No further content fix required.,"Body Jaccard 0.939; current live/local review showed matching rendered reading flow apart from source fragments like `_what _` and `_ how_`. After remediation those emphasis markers are normalized to `_what_` and `_how_`, and the remaining H1 delta is accepted under the 2026-03-15 global title policy."
RHI-AUD-055,2026-03-15,batch-6-code-heavy,/salesforce-b2c-commerce-cloud-22-9-release/,Salesforce B2C Commerce Cloud 22.9 release,src/content/posts/salesforce-b2c-commerce-cloud-22-9-release/index.md,release-notes|cartridge-updates|identifier-token,reviewed,pass,none,none,pass,pass,pass,"The release-note heading token has been restored so the cartridge identifier matches the live article again.",No further content fix required.,"Verified live vs local after remediation: both now render `link_beecloud_recaptcha (v2022.1.0)` and the spaced `link_beecloud_ recaptcha` form is absent from the local page."
RHI-AUD-056,2026-03-15,batch-6-code-heavy,/sitegenesis-vs-sfra-vs-pwa/,SiteGenesis vs SFRA vs PWA,src/content/posts/sitegenesis-vs-sfra-vs-pwa/index.md,longform|architecture,reviewed,pass,none,none,pass,pass,pass,"The raw YouTube URLs in the PWA section have been normalized into standard markdown links, so the Hugo reading flow now matches the live article more closely without exposing bare media URLs inline.",No further content fix required.,"Body Jaccard 0.923; current live/local review showed that the live article does not expose the raw YouTube URLs in normal reading flow, while the local page surfaced bare links such as `https://www.youtube.com/watch?v=BTS6OqwMiK4&feature=emb_title`. After remediation, those references render as normal linked prose instead of raw URLs."
RHI-AUD-057,2026-03-15,batch-6-code-heavy,/what-is-new-in-sfcc-24-6/,What is new in Salesforce Commerce Cloud 24.6?,src/content/posts/what-is-new-in-sfcc-24-6/index.md,release-notes|sftp-algorithms|baseline-sensitive,reviewed,pass,none,none,pass,pass,pass,"The malformed SFTP algorithm identifiers have been restored using the official Salesforce 24.6 release note as the authoritative baseline, resolving the local corruption introduced during migration.",No further content fix required.,"Body Jaccard 0.916; the live WordPress baseline was polluted by Cloudflare rewriting of `@openssh.com` values, but the official Salesforce Help article `commerce.b2c_rn_service_framework_upgrade` confirms the canonical identifiers `curve25519-sha256@libssh.org`, `aes128-gcm@openssh.com`, `aes256-gcm@openssh.com`, `hmac-sha2-256-etm@openssh.com`, `hmac-sha2-512-etm@openssh.com`, and `hmac-sha1-etm@openssh.com`. The local source has been corrected to those official names."
RHI-AUD-058,2026-03-15,batch-6-code-heavy,/what-is-new-in-the-23-8-commerce-cloud-release/,What is new in the 23.8 Commerce Cloud release?,src/content/posts/what-is-new-in-the-23-8-commerce-cloud-release/index.md,release-notes|api-attributes|endpoint-tokens,reviewed,pass,none,none,pass,pass,pass,"The release-note API identifiers have been normalized so the PWA Kit and inventory examples are again safe to copy from the article.",No further content fix required.,"Verified live vs local after remediation: both now render `allow_cookies`, `projects_target_partial_update`, and `/product_inventory_records/{product_id}` in the affected release-note excerpts."
RHI-AUD-059,2026-03-15,batch-6-code-heavy,/everything-new-in-sfcc-23-4/,Everything new in Salesforce B2C Commerce Cloud 23.4,src/content/posts/everything-new-in-sfcc-23-4/index.md,release-notes|plugin-slas|code-light,reviewed,pass,none,none,pass,pass,pass,"The concatenated raw MP4 URLs in the PWA Kit section have been normalized into two standard markdown links, so the Hugo reading flow no longer exposes bare media URLs inline.",No further content fix required.,"Body Jaccard 0.942; H1 matched, and the local paragraph that previously rendered concatenated raw MP4 URLs now presents separate `Page Designer demo` and `Product Sets demo` links, matching the live article’s non-inline-media reading flow more closely."
RHI-AUD-060,2026-03-15,batch-6-code-heavy,/mastering-sitemaps-in-sfcc/,Mastering Sitemaps in Salesforce B2C Commerce: A Developer’s Guide,src/content/posts/mastering-sitemaps-in-sfcc/index.md,code-heavy|seo|sitemap-filenames,reviewed,pass,none,none,pass,pass,pass,"The sitemap filename examples and live H1 have been restored so the sitemap guide is again copy-safe for backend and headless implementation work.",No further content fix required.,"Verified live vs local after remediation: both now render `sitemap_index.xml`, `sitemap_0.xml`, `pwa-custom.xml`, and `/sitemap_index.xml`, and both use the H1 `Mastering Sitemaps in Salesforce B2C Commerce: A Developer’s Guide`."
RHI-AUD-061,2026-03-15,batch-6-code-heavy,/a-look-back-at-origin-shielding/,A look back at Origin Shielding,src/content/posts/a-look-back-at-origin-shielding/index.md,code-light|origin-shielding|formatting,reviewed,pass,none,none,pass,pass,pass,"The malformed editorial note markup and dotted-host autolink formatting in the intro have been normalized, bringing the Hugo reading flow back into line with the live article.",No further content fix required.,"Body Jaccard 0.928; H1 matched. The source intro now uses a clean `**Note:**` sentence instead of `_**Note:** _ _ ...`, and the dotted host example was normalized from `<http://production.xxx.demandware.net/>` to plain reading-flow text, which matches the live page more closely."
RHI-AUD-062,2026-03-15,batch-7-code-heavy,/b2c-commerce-cloud-campaign-erd/,Campaign ERD of Salesforce B2C Commerce Cloud,src/content/posts/b2c-commerce-cloud-campaign-erd/index.md,code-heavy|xsd-snippets|erd,reviewed,pass,none,none,pass,pass,pass,"The missing StoreGroup import XSD example has been restored, so the Import section once again includes the technical snippet promised by the article.",No further content fix required.,"Verified live vs local after remediation: both now render the XSD block beginning with `<xsd:complexType name=""complexType.StoreGroup"" mixed=""false"">`, including the `stores`, `price-books`, `custom-attributes`, and `store-group-id` definitions."
RHI-AUD-063,2026-03-15,batch-7-code-heavy,/salesforce-payments-experience-explained/,Salesforce Payments Explained,src/content/posts/salesforce-payments-experience-explained/index.md,code-light|payments|inline-media,reviewed,pass,none,none,pass,pass,pass,"The inline `.mov` URL in the payments overview has been normalized into standard linked prose, and the shorter Hugo H1 is accepted under the owner-approved global title policy for title-only medium rows.",No further content fix required.,"Body Jaccard 0.973; live H1 is `Salesforce (Commerce) Payments: Payment Integration Simplified` while Hugo H1 is `Salesforce Payments Explained`, but the remaining non-title issue was the raw `.mov` URL. That media link now renders as `watch the Business Manager demo recording`, so the only residual delta is the accepted H1 rewrite."
RHI-AUD-064,2026-03-15,batch-7-code-heavy,/helpful-salesforce-b2c-commerce-cloud-cartridges/,Helpful Salesforce B2C Commerce Cloud Cartridges,src/content/posts/helpful-salesforce-b2c-commerce-cloud-cartridges/index.md,code-light|cartridges|plugin-slas,reviewed,pass,none,none,pass,pass,pass,"The cartridge survey preserves the live body and technical tokens closely enough for migration parity.",No immediate content fix required.,"Body Jaccard 0.963; H1 matched and sampled technical tokens such as `plugin_slas` and `{{locale}}` remained intact in context."
RHI-AUD-065,2026-03-15,batch-7-code-heavy,/the-latest-in-sfcc-version-24-7/,SFCC 24.7 Release Focused on Speed and Security,src/content/posts/the-latest-in-sfcc-version-24-7/index.md,release-notes|code-light,reviewed,pass,none,none,pass,pass,pass,"The WAFv2 framing that was previously flagged is present on both live and Hugo pages, leaving only the shorter H1, which is accepted under the owner-approved global title policy for title-only medium rows.",No further content fix required under current title policy.,"Body Jaccard 0.973; current live/local review shows the same WAFv2 explanatory passage including `I may be a recording on repeat`, `With the new WAFV2, we get`, and `How do you migrate?`. The earlier content-insertions finding is no longer reproducible, so the remaining H1 rewrite can close under the 2026-03-15 global title policy."
RHI-AUD-066,2026-03-15,batch-7-code-heavy,/how-to-get-a-salesforce-b2c-commerce-cloud-sandbox/,How to get a Salesforce B2C Commerce Cloud Sandbox,src/content/posts/how-to-get-a-salesforce-b2c-commerce-cloud-sandbox/index.md,code-heavy|mailto|sandbox-access,reviewed,pass,none,none,pass,pass,pass,"The historical trial-contact example has been restored so the struck-through email address is readable again instead of rendering as a broken nested token sequence.",No further content fix required.,"Verified local render after remediation: the deleted line now reads `sfcc-b2c-trial@salesforce.com`. Live provenance was recovered from the page's Cloudflare-protected email payload, which decodes to the same address even though the live text no longer exposes the raw token directly."
RHI-AUD-067,2026-03-15,batch-7-code-heavy,/the-sfcc-guide-to-finding-pod-numbers/,The Ultimate SFCC Guide to Finding Your POD Number,src/content/posts/the-sfcc-guide-to-finding-pod-numbers/index.md,code-heavy|placeholder-url|ops-guidance,reviewed,pass,none,none,pass,pass,pass,"The operational URL examples have been normalized so the POD discovery guide once again shows readable placeholder and legacy endpoint formats.",No further content fix required.,"Verified live vs local after remediation: both now render `https://pod185.production.demandware.net/...`, `https://account.demandware.com`, and the legacy placeholder `https://logcenter-<POD-No><Cylinder>-hippo.demandware.net/logcenter` without the broken `<https://pod>` and split-placeholder forms."
RHI-AUD-068,2026-03-15,batch-7-code-heavy,/salesforce-b2c-commerce-cloud-november-2022-updates/,Salesforce B2C Commerce Cloud November 2022 Updates,src/content/posts/salesforce-b2c-commerce-cloud-november-2022-updates/index.md,release-notes|code-light,reviewed,pass,none,none,pass,pass,pass,"The update roundup preserves the live body and technical tokens closely enough for migration parity.",No immediate content fix required.,"Body Jaccard 0.911; H1 matched and the sampled `prettier` token plus surrounding update text remained intact."
RHI-AUD-069,2026-03-15,batch-7-code-heavy,/the-realm-split-field-guide-to-migrating-an-sfcc-site/,Realm Split Guide for Migrating an SFCC Site,src/content/posts/the-realm-split-field-guide-to-migrating-an-sfcc-site/index.md,longform|architecture|migration,reviewed,pass,none,none,pass,pass,pass,"The longform migration guide keeps its technical body intact, and the shorter Hugo H1 is accepted under the owner-approved global title policy for title-only medium rows.",No further content fix required under current title policy.,"Body Jaccard 0.955; current live/local review confirms intact body parity. Owner decision on 2026-03-15 accepts shorter H1 rewrites globally for title-only medium rows, so the live `The Realm Split: A Developer’s Field Guide to Migrating an SFCC Site` versus Hugo `Realm Split Guide for Migrating an SFCC Site` delta no longer blocks parity closure."
RHI-AUD-070,2026-03-15,batch-7-code-heavy,/the-salesforce-b2c-commerce-cloud-environment/,Let’s GO-LIVE: The Salesforce B2C Commerce Cloud Environment,src/content/posts/the-salesforce-b2c-commerce-cloud-environment/index.md,code-light|environment-architecture,reviewed,pass,none,none,pass,pass,pass,"The environment overview preserves the live structure and content closely enough for migration parity.",No immediate content fix required.,"Body Jaccard 0.939; H1 matched and the additional overview paragraph does not alter the technical substance of the article."
RHI-AUD-071,2026-03-15,batch-7-code-heavy,/three-things-to-secure-sfcc/,Three Ways to Secure Your SFCC Environment,src/content/posts/three-things-to-secure-sfcc/index.md,code-light|security|governance,reviewed,pass,none,none,pass,pass,pass,"The security guidance remains intact, and the shorter Hugo H1 is accepted under the owner-approved global title policy for title-only medium rows.",No further content fix required under current title policy.,"Body Jaccard 1.000; current live/local review confirms intact body parity. Owner decision on 2026-03-15 accepts shorter H1 rewrites globally for title-only medium rows, so the live `Three things you can do today to secure your SFCC environment` versus Hugo `Three Ways to Secure Your SFCC Environment` delta no longer blocks parity closure."
RHI-AUD-072,2026-03-15,batch-8-code-heavy,/events-and-the-golden-hoodie/,Events and the Golden Hoodie,src/content/posts/events-and-the-golden-hoodie/index.md,code-light|community|longform,reviewed,pass,none,none,pass,pass,pass,"The raw YouTube URLs in the Connections and Golden Hoodie sections have been normalized into standard linked prose, so the Hugo reading flow no longer exposes bare video URLs inline.",No further content fix required.,"Body Jaccard 0.963; H1 matched. The local body previously exposed raw YouTube URLs for the Connections session and the Golden Hoodie moment, but those references now render as standard prose links instead of bare URLs, aligning with the live article’s reading flow more closely."
RHI-AUD-073,2026-03-15,batch-8-code-heavy,/your-definitive-mobile-app-checklist/,Mobile App Launch Checklist for Commerce Teams,src/content/posts/your-definitive-mobile-app-checklist/index.md,code-heavy|scapi|slas|checklist,reviewed,pass,none,none,pass,pass,pass,"The technical checklist and endpoint examples remain intact, and the shorter Hugo H1 is accepted under the owner-approved global title policy for title-only medium rows.",No further content fix required under current title policy.,"Body Jaccard 0.999; current live/local review confirms intact body parity. Owner decision on 2026-03-15 accepts shorter H1 rewrites globally for title-only medium rows, so the live `The Headless Go-Live Gauntlet: Your Definitive SCAPI & SLAS Mobile App Checklist` versus Hugo `Mobile App Launch Checklist for Commerce Teams` delta no longer blocks parity closure."
RHI-AUD-074,2026-03-15,batch-8-code-heavy,/a-new-commerce-cloud-community-in-town/,A new Commerce Cloud community in town!,src/content/posts/a-new-commerce-cloud-community-in-town/index.md,code-heavy|mailto|community-contact,reviewed,pass,none,none,pass,pass,pass,"The community contact example has been restored so the closing call for speakers now shows a readable email address instead of a malformed token fragment.",No further content fix required.,"Verified local render after remediation: the closing paragraph now shows `thomas.theunen@trailblazercgl.com`. Live provenance was recovered from the page's Cloudflare-protected email payload, which decodes to the same address even though the live text masks it in normal extraction."
RHI-AUD-075,2026-03-15,batch-8-code-heavy,/community-salesforce-events-and-commerce-cloud/,Community Salesforce Events and Commerce Cloud,src/content/posts/community-salesforce-events-and-commerce-cloud/index.md,code-light|community|media-links,reviewed,pass,none,none,pass,pass,pass,"The raw YouTube URLs in the community-event list have been normalized into standard markdown links, so the Hugo page no longer exposes bare video URLs inline in reading flow.",No further content fix required.,"Body Jaccard 0.969; H1 matched. The local render previously exposed multiple raw YouTube URLs in the event list, but those references now render as `Session recording` links, which matches the live article’s non-inline-media reading flow more closely."
RHI-AUD-076,2026-03-15,batch-8-code-heavy,/it-sure-has-been-quiet-on-this-blog/,It sure has been quiet on this blog.,src/content/posts/it-sure-has-been-quiet-on-this-blog/index.md,code-light|editorial,reviewed,pass,none,none,pass,pass,pass,"The reflective post no longer exposes the raw `.mov` URL inline; the recording now renders as a standard labeled link, which matches the live article's non-inline-media reading flow more closely.",No further content fix required.,"Body Jaccard 0.974; browser checks confirmed the live page does not surface `fastforward-business-manager-accelerator.mov` as visible body text while the local page did. The migrated markdown now uses a labeled link instead of a bare URL."
RHI-AUD-077,2026-03-15,batch-8-code-heavy,/preparing-for-the-b2c-commerce-developer-certification/,Preparing for the B2C Commerce Developer Certification,src/content/posts/preparing-for-the-b2c-commerce-developer-certification/index.md,code-light|certification|resource-links,reviewed,pass,none,none,pass,pass,pass,"The certification guide preserves the live body, labels, and resource links closely enough for migration parity.",No immediate content fix required.,"Body Jaccard 1.000; H1 matched and the live page also exposes section labels such as `The Official List`, so no migration-only defect was confirmed."
RHI-AUD-078,2026-03-15,batch-9-non-code-heavy,/a-dev-guide-to-combating-fraud-on-sfcc/,Developer's Guide to Combating Fraud in SFCC,src/content/posts/a-dev-guide-to-combating-fraud-on-sfcc/index.md,longform|security|title-drift,reviewed,pass,none,none,pass,pass,pass,"The longform fraud guide keeps its body and inline technical identifiers intact, and the remaining shorter Hugo H1 is accepted under the owner-approved global title policy for title-only medium rows.",No further content fix required under current title policy.,"Body Jaccard 1.000; current live/local review confirms intact body and code parity. The remaining H1 delta from live `Unmasking the Ghosts in the Machine: A Developer’s Guide to Combating Fraud on Salesforce B2C Commerce Cloud` to Hugo `Developer's Guide to Combating Fraud in SFCC` closes under the 2026-03-15 global title policy."
RHI-AUD-079,2026-03-15,batch-9-non-code-heavy,/delta-exports-in-salesforce-b2c-commerce-cloud/,Delta exports in Salesforce B2C Commerce Cloud,src/content/posts/delta-exports-in-salesforce-b2c-commerce-cloud/index.md,operations|exports|body-parity,reviewed,pass,none,none,pass,pass,pass,"The operational guidance and article structure remain close enough to the live page for migration parity.",No immediate content fix required.,"Body Jaccard 0.968; H1 matched and no reader-facing token corruption or meaning shift was confirmed."
RHI-AUD-080,2026-03-15,batch-9-non-code-heavy,/understanding-sfcc-instances/,Understanding SFCC Instances,src/content/posts/understanding-sfcc-instances/index.md,architecture|instances|title-drift,reviewed,pass,none,none,pass,pass,pass,"The architecture guide remains intact, and the label text `POD, Realm, Instances, and Domains` is visible on both live and local pages; the remaining shorter Hugo H1 is accepted under the owner-approved global title policy for title-only medium rows.",No further content fix required under current title policy.,"Body Jaccard 0.998; browser checks confirmed both live and local visible text include `POD, Realm, Instances, and Domains`. The remaining H1 delta from live `Understanding Salesforce B2C Commerce Instances: A Comprehensive Guide` to Hugo `Understanding SFCC Instances` closes under the 2026-03-15 global title policy."
RHI-AUD-081,2026-03-15,batch-9-non-code-heavy,/what-is-oci-omnichannel-inventory/,What is OCI (Omnichannel Inventory),src/content/posts/what-is-oci-omnichannel-inventory/index.md,operations|inventory|body-parity,reviewed,pass,none,none,pass,pass,pass,"The OCI overview preserves the live body and structure closely enough for migration parity.",No immediate content fix required.,"Body Jaccard 0.989; H1 matched and no reader-facing fidelity defect was confirmed."
RHI-AUD-082,2026-03-15,batch-9-non-code-heavy,/where-is-the-new-sfcc-documentation/,Where can I find the new SFCC Documentation?,src/content/posts/where-is-the-new-sfcc-documentation/index.md,documentation|platform-change|body-parity,reviewed,pass,none,none,pass,pass,pass,"The documentation-migration explainer preserves the live meaning and structure closely enough for migration parity.",No immediate content fix required.,"Body Jaccard 0.951; H1 matched and the added paragraph grouping around the official announcement did not introduce a migration-only defect."
RHI-AUD-083,2026-03-15,batch-9-non-code-heavy,/a-deep-dive-into-the-23-7-sfcc-release/,A deep-dive into the 23.7 Commerce Cloud release,src/content/posts/a-deep-dive-into-the-23-7-sfcc-release/index.md,release-notes|editorial-drift,reviewed,pass,none,none,pass,pass,pass,"The 23.7 release recap now matches the live previous-release CTA pattern again after restoring the generic `Click here!` prompt used on the live page.",No further content fix required.,"Body Jaccard 0.966; browser checks confirmed the live intro uses `Are you interested in last month’s release notes? Click here!` while the local page had rewritten that CTA as `Read the 23.6 release notes!`. The migrated intro has been normalized back to the live CTA pattern."
RHI-AUD-084,2026-03-15,batch-9-non-code-heavy,/a-look-at-the-23-9-commerce-cloud-release/,SFCC 23.9 Release Highlights and SCAPI Updates,src/content/posts/a-look-at-the-23-9-commerce-cloud-release/index.md,release-notes|title-drift|headless,reviewed,pass,none,none,pass,pass,pass,"The 23.9 release article already matched the live SCAPI/custom-endpoints framing; after restoring the live `Click here!` CTA pattern, the only residual variance is the shorter Hugo H1, which is accepted under the owner-approved global title policy.",No further content fix required.,"Body Jaccard 0.962; browser checks confirmed the live page already includes `Custom SCAPI endpoints in 23.9` and the same `game-changer` framing. The remaining intro drift was the rewritten previous-release CTA, which has been normalized back to the live `Click here!` pattern; the H1 delta closes under the 2026-03-15 global title policy."
RHI-AUD-085,2026-03-15,batch-9-non-code-heavy,/getting-secured-with-the-24-5-salesforce-b2c-commerce-cloud-release/,What's New in the SFCC 24.5 Security Release,src/content/posts/getting-secured-with-the-24-5-salesforce-b2c-commerce-cloud-release/index.md,release-notes|title-drift|security,reviewed,pass,none,none,pass,pass,pass,"The 24.5 release recap preserves its technical examples, and the previous-release CTA now matches the live `Click here!` pattern; the remaining shorter security-focused H1 is accepted under the owner-approved global title policy.",No further content fix required.,"Body Jaccard 0.982; browser checks confirmed the live page uses `Are you interested in last month’s release notes? Click here!` while the local page had rewritten that CTA as `Read the 24.4 release notes!`. After restoring the live CTA pattern, the H1 delta closes under the 2026-03-15 global title policy."
RHI-AUD-086,2026-03-15,batch-9-non-code-heavy,/sfcc-24-1-release-a-new-year-update/,Commerce Cloud 24.1 Release: A New Year Update,src/content/posts/sfcc-24-1-release-a-new-year-update/index.md,release-notes|content-insertions,reviewed,pass,none,none,pass,pass,pass,"The 24.1 release recap now matches the live previous-release CTA pattern again, and browser checks confirmed the `PIG Only` note is also visible on the live page rather than being a Hugo-only insertion.",No further content fix required.,"Body Jaccard 0.926; browser checks confirmed the live page uses `Are you interested in last year’s release notes? Click here!` and also surfaces the `PIG Only` note near the DKIM discussion. The migrated intro has been normalized back to the live CTA pattern, which resolves the remaining parity drift."
RHI-AUD-087,2026-03-15,batch-9-non-code-heavy,/20-years-of-dreamforce/,20 years of Dreamforce,src/content/posts/20-years-of-dreamforce/index.md,community|events|body-parity,reviewed,pass,none,none,pass,pass,pass,"The Dreamforce event guide preserves the live body and framing closely enough for migration parity.",No immediate content fix required.,"Body Jaccard 1.000; H1 matched and no migration-only fidelity issue was confirmed."
RHI-AUD-088,2026-03-15,batch-9-non-code-heavy,/a-new-day-for-commerce-recap/,A New Day for Commerce: Recap,src/content/posts/a-new-day-for-commerce-recap/index.md,community|events|body-parity,reviewed,pass,none,none,pass,pass,pass,"The event recap preserves the live body and structure closely enough for migration parity.",No immediate content fix required.,"Body Jaccard 0.972; H1 matched and no reader-facing fidelity defect was confirmed."
RHI-AUD-089,2026-03-15,batch-9-non-code-heavy,/salesforce-connections-2024-and-sfcc/,Salesforce Connections 2024 and B2C Commerce Cloud,src/content/posts/salesforce-connections-2024-and-sfcc/index.md,community|events|body-parity,reviewed,pass,none,none,pass,pass,pass,"The event preview preserves the live body and meaning closely enough for migration parity.",No immediate content fix required.,"Body Jaccard 1.000; H1 matched and no migration-only fidelity issue was confirmed."
RHI-AUD-090,2026-03-15,batch-10-non-code-heavy,/real-time-inventory-checks-in-sfcc/,Real-Time Inventory Checks in SFCC,src/content/posts/real-time-inventory-checks-in-sfcc/index.md,operations|inventory|title-drift,reviewed,pass,none,none,pass,pass,pass,"The inventory architecture guide keeps its technical substance intact, and browser checks confirmed the disputed omnichannel-risk framing is also present on the live page; the remaining shorter Hugo H1 closes under the owner-approved global title policy.",No further content fix required under current title policy.,"Body Jaccard 0.985; browser checks confirmed both live and local visible text include the opening `torching brand trust` framing and the `The Omnichannel Imperative` section heading. The remaining H1 delta from live `Taming Real-Time Inventory Checks in Salesforce B2C Commerce Cloud` to Hugo `Real-Time Inventory Checks in SFCC` closes under the 2026-03-15 global title policy."
RHI-AUD-091,2026-03-15,batch-10-non-code-heavy,/should-i-use-sfra-rest-endpoints-in-a-composable-storefront/,Use SFRA REST Endpoints in a Composable Storefront?,src/content/posts/should-i-use-sfra-rest-endpoints-in-a-composable-storefront/index.md,architecture|headless|title-drift,reviewed,pass,none,none,pass,pass,pass,"The argument against controller-based REST endpoints remains intact, and browser checks confirmed the disputed SCAPI framing is already present on the live page; the remaining shorter Hugo H1 closes under the owner-approved global title policy.",No further content fix required under current title policy.,"Body Jaccard 0.992; browser checks confirmed both live and local visible text include `There is a better native solution`, `more flexible solution`, and `Custom SCAPI endpoints`. The remaining H1 delta from live `Should I use SFRA controller REST endpoints in a Composable Storefront project?` to Hugo `Use SFRA REST Endpoints in a Composable Storefront?` closes under the 2026-03-15 global title policy."
RHI-AUD-092,2026-03-15,batch-10-non-code-heavy,/storefront-protection-in-the-pwa-kit/,Storefront Protection For Your Composable Storefront,src/content/posts/storefront-protection-in-the-pwa-kit/index.md,operations|security|body-parity,reviewed,pass,none,none,pass,pass,pass,"The storefront-protection guide preserves the live body and technical pathing closely enough for migration parity.",No immediate content fix required.,"Body Jaccard 1.000; H1 matched and sampled operational tokens such as `Administration > Sites > Manage Sites` remained intact."
RHI-AUD-093,2026-03-15,batch-10-non-code-heavy,/third-party-api-caching-in-commerce-cloud/,Third-Party API Caching in Commerce Cloud,src/content/posts/third-party-api-caching-in-commerce-cloud/index.md,operations|caching|body-parity,reviewed,pass,none,none,pass,pass,pass,"The caching guide preserves the live body and technical examples closely enough for migration parity.",No immediate content fix required.,"Body Jaccard 0.998; H1 matched and sampled service-framework examples plus `Administration > Operations > Service Maintenance` remained intact."
RHI-AUD-094,2026-03-15,batch-10-non-code-heavy,/understanding-locale-fallback-in-sfcc/,Understanding Locale Fallback in SFCC,src/content/posts/understanding-locale-fallback-in-sfcc/index.md,operations|locale-fallback|identifier-examples,reviewed,pass,none,none,pass,pass,pass,"The locale identifier examples have been normalized so the fallback configuration guidance is copy-safe again for readers.",No further content fix required.,"Verified live vs local after remediation: both now render locale tokens such as `en_US`, `en_US > en > default`, `fr_FR > FR > Default`, `fr_FR > fr_BE > Default`, `de_DE`, and `en_GB` without the broken `en _US`, `en _ US`, `fr\_ FR`, or `de\_ DE` forms."
RHI-AUD-095,2026-03-15,batch-10-non-code-heavy,/what-is-the-sfcc-managed-runtime/,What is the Salesforce B2C Commerce Cloud Managed Runtime?,src/content/posts/what-is-the-sfcc-managed-runtime/index.md,headless|managed-runtime|body-parity,reviewed,pass,none,none,pass,pass,pass,"The Managed Runtime explainer preserves the live body and meaning closely enough for migration parity.",No immediate content fix required.,"Body Jaccard 1.000; H1 matched and no migration-only fidelity issue was confirmed."
RHI-AUD-096,2026-03-15,batch-10-non-code-heavy,/b2c-commerce-whats-new-in-22-4/,B2C Commerce: What's New In 22.4,src/content/posts/b2c-commerce-whats-new-in-22-4/index.md,release-notes|punctuation-normalization,reviewed,pass,none,none,pass,pass,pass,"The 22.4 release recap preserves the live substance and structure closely enough for migration parity.",No immediate content fix required.,"Body Jaccard 0.971; the visible differences were limited to wording cleanup such as `Check out the original release notes for April 2022` and apostrophe normalization in the H1."
RHI-AUD-097,2026-03-15,batch-10-non-code-heavy,/b2c-commerce-whats-new-in-the-22-3-release/,B2C Commerce: What's new in the 22.3 release,src/content/posts/b2c-commerce-whats-new-in-the-22-3-release/index.md,release-notes|punctuation-normalization,reviewed,pass,none,none,pass,pass,pass,"The 22.3 release recap preserves the live substance and structure closely enough for migration parity.",No immediate content fix required.,"Body Jaccard 0.968; the visible differences were limited to wording cleanup such as `Check out the original release notes for March 2022` and apostrophe normalization in the H1."
RHI-AUD-098,2026-03-15,batch-10-non-code-heavy,/digging-into-the-b2c-commerce-cloud-24-3-release/,Digging into the B2C Commerce Cloud 24.3 release,src/content/posts/digging-into-the-b2c-commerce-cloud-24-3-release/index.md,release-notes|editorial-drift,reviewed,pass,none,none,pass,pass,pass,"The 24.3 release recap now matches the live previous-release CTA pattern again, and the basket-limit example sentence was already present in both live WordPress and the raw export.",No further content fix required.,"Body Jaccard 0.985; browser checks confirmed the live page uses `Click here!` for the previous-release CTA while the local page had rewritten it to `Read the 24.2 release notes!`. Both live WordPress and the raw export also include the `groceries, gifting, and even some small B2B cases` sentence."
RHI-AUD-099,2026-03-15,batch-10-non-code-heavy,/new-apis-and-features-for-a-headless-sfcc/,New APIs and Features for a Headless B2C Commerce Cloud,src/content/posts/new-apis-and-features-for-a-headless-sfcc/index.md,release-notes|headless|media-presentation,reviewed,pass,none,none,pass,pass,pass,"The headless release recap no longer exposes raw video asset URLs inline; both hosted videos now render as labeled links instead of bare URLs, which matches the live article's reading flow more closely.",No further content fix required.,"Body Jaccard 0.966; browser checks confirmed the local page previously exposed raw `storefront-preview-demo.mp4` and `runtime-admin-changes.mov` URLs in article flow. The live page did not surface them equivalently in body text, and the raw WordPress export shows `runtime-admin-changes.mov` was stored as a hosted video widget. The migrated markdown now uses labeled links instead of bare URLs."
RHI-AUD-100,2026-03-15,batch-10-non-code-heavy,/salesforce-b2c-commerce-cloud-23-10-release-a-comprehensive-overview/,SFCC 23.10 Release Overview,src/content/posts/salesforce-b2c-commerce-cloud-23-10-release-a-comprehensive-overview/index.md,release-notes|title-drift|headless,reviewed,pass,none,none,pass,pass,pass,"The 23.10 release article keeps its technical content intact, and browser checks confirmed the opening recap framing already matches the live page; the remaining shorter H1 closes under the owner-approved global title policy.",No further content fix required under current title policy.,"Body Jaccard 0.990; browser checks confirmed both live and local use `Click here!` plus the same `October 2023 (23.10) release` opening. The remaining H1 delta from live `Salesforce B2C Commerce Cloud 23.10 Release: A Comprehensive Overview` to Hugo `SFCC 23.10 Release Overview` closes under the 2026-03-15 global title policy."
RHI-AUD-101,2026-03-15,batch-10-non-code-heavy,/salesforce-b2c-commerce-cloud-23-3-release/,The Salesforce B2C Commerce Cloud 23.3 release explained,src/content/posts/salesforce-b2c-commerce-cloud-23-3-release/index.md,release-notes|plugin-names|identifier-examples,reviewed,pass,none,none,pass,pass,pass,"The broken plugin identifiers in the 23.3 release note have been normalized so the README guidance is copy-safe again for readers.",No further content fix required.,"Verified live vs local after remediation: both now render `plugin_slas` and `plugin_passwordless` in the updated README note, without the broken `plugin _slas` and `plugin_ passwordless` forms."
RHI-AUD-102,2026-03-15,batch-11-non-code-heavy,/salesforce-b2c-commerce-cloud-the-22-7-release/,Salesforce B2C Commerce Cloud: The 22.7 Release,src/content/posts/salesforce-b2c-commerce-cloud-the-22-7-release/index.md,release-notes|content-insertions,reviewed,pass,none,none,pass,pass,pass,"The 22.7 release recap now matches the live previous-release CTA pattern again, and the forward-looking note was already present on the live page and in the raw WordPress export.",No further content fix required.,"Body Jaccard 0.924; browser checks confirmed the live page uses `Click here!` for the previous-release CTA while the local page had rewritten it to `Read the 22.6 release notes!`. Both live WordPress and the raw export also include `Forward-looking statements apply!`."
RHI-AUD-103,2026-03-15,batch-11-non-code-heavy,/a-look-at-the-salesforce-b2c-commerce-cloud-23-6-release/,A look at the Salesforce B2C Commerce Cloud 23.6 release,src/content/posts/a-look-at-the-salesforce-b2c-commerce-cloud-23-6-release/index.md,release-notes|slas|identifier-examples,reviewed,pass,none,none,pass,pass,pass,"The SLAS grant-type examples in the 23.6 release note have been restored, so the authentication guidance is safe to copy again.",No further content fix required.,"Verified live vs local after remediation: both now render `grant_type=authorization_code` and `grant_type=authorization_code_pkce` in the affected SLAS excerpt, without the broken spaced forms."
RHI-AUD-104,2026-03-15,batch-11-non-code-heavy,/a-look-at-the-sfcc-23-5-release/,A look at the Salesforce B2C Commerce Cloud 23.5 release,src/content/posts/a-look-at-the-sfcc-23-5-release/index.md,release-notes|content-insertions,reviewed,pass,none,none,pass,pass,pass,"The 23.5 release recap now matches the live previous-release CTA pattern again, and the extra Cloudflare certificate commentary was already present on the live page and in the raw WordPress export.",No further content fix required.,"Body Jaccard 0.965; browser checks confirmed the live page uses `Click here!` for the previous-release CTA while the local page had rewritten it to `Read the 23.4 release notes!`. Both live WordPress and the raw export also include `If you use Cloudflare provisioned SSL certificates, this update is a big ease-of-life improvement!`."
RHI-AUD-105,2026-03-15,batch-11-non-code-heavy,/salesforce-b2c-commerce-the-22-5-release/,Salesforce B2C Commerce: The 22.5 Release,src/content/posts/salesforce-b2c-commerce-the-22-5-release/index.md,release-notes|content-insertions,reviewed,pass,none,none,pass,pass,pass,"The 22.5 release recap now matches the live previous-release CTA pattern again, and the reassuring CCDC migration sentence was already present on the live page and in the raw WordPress export.",No further content fix required.,"Body Jaccard 0.958; browser checks confirmed the live page uses `Click here!` for the previous-release CTA while the local page had rewritten it to `Read the 22.4 release notes!`. Both live WordPress and the raw export also include `But do not fear! All documentation has been safely migrated to the primary Salesforce Developer Center!`."
RHI-AUD-106,2026-03-15,batch-11-non-code-heavy,/getting-to-know-sfra-as-a-developer/,Getting to know SFRA as a developer,src/content/posts/getting-to-know-sfra-as-a-developer/index.md,onboarding|sfra|content-insertions,reviewed,pass,none,none,pass,pass,pass,"The SFRA onboarding guide keeps its overall direction intact, and browser checks confirmed the disputed prerequisite framing is already present on the live page rather than being a Hugo-only addition.",No further content fix required.,"Body Jaccard 0.894; targeted browser checks confirmed both live and local visible text include `Not to worry. Let's get that information organised for you!` followed by `You can't just start developing immediately on Salesforce B2C Commerce Cloud.` The earlier content-insertions finding is no longer reproducible as migration drift."
RHI-AUD-107,2026-03-15,batch-11-non-code-heavy,/in-the-ring-ocapi-versus-scapi/,In the ring: OCAPI versus SCAPI,src/content/posts/in-the-ring-ocapi-versus-scapi/index.md,architecture|apis|body-parity,reviewed,pass,none,none,pass,pass,pass,"The OCAPI-versus-SCAPI comparison preserves the live meaning and technical framing closely enough for migration parity.",No immediate content fix required.,"Body Jaccard 0.993; H1 matched and no reader-facing identifier corruption was confirmed."
RHI-AUD-108,2026-03-15,batch-11-non-code-heavy,/salesforce-b2c-commerce-cloud-october-updates/,Salesforce B2C Commerce Cloud October Updates,src/content/posts/salesforce-b2c-commerce-cloud-october-updates/index.md,release-notes|trusted-agent|identifier-examples,reviewed,pass,none,none,pass,pass,pass,"The trusted-agent permission names and reorder-plugin identifier now match the live release note, restoring copy-safe guidance in the October updates article.",No further content fix required.,"Verified live vs local after remediation: both now render `Login_On_Behalf`, `Create_Order_On_Behalf`, `plugin_reorder_demo`, and `plugin_commercepayments` without the broken spaced variants."
RHI-AUD-109,2026-03-15,batch-11-non-code-heavy,/the-attribute-fallback-system-in-sfcc/,Attribute Fallback in SFCC Variation Groups,src/content/posts/the-attribute-fallback-system-in-sfcc/index.md,architecture|title-drift|variation-groups,reviewed,pass,none,none,pass,pass,pass,"The variation-group fallback article keeps its body and API class examples intact, and the remaining shorter Hugo H1 is accepted under the owner-approved global title policy for title-only medium rows.",No further content fix required under current title policy.,"Body Jaccard 1.000; browser checks confirmed the top-of-article framing line `An attempt at visualising the fallback system` appears on both live and local pages. The remaining H1 delta from live `Variation Groups 101: The attribute fallback system in Commerce Cloud` to Hugo `Attribute Fallback in SFCC Variation Groups` closes under the 2026-03-15 global title policy."
RHI-AUD-110,2026-03-15,batch-11-non-code-heavy,/what-does-the-composable-storefront-mean-for-sfcc-developers/,What Composable Storefront Means for SFCC Developers,src/content/posts/what-does-the-composable-storefront-mean-for-sfcc-developers/index.md,architecture|headless|title-drift,reviewed,pass,none,none,pass,pass,pass,"The composable-storefront opinion piece preserves its core argument, and browser plus raw-export checks confirmed the disputed opening framing is already present in the original article; the remaining shorter Hugo H1 closes under the owner-approved global title policy.",No further content fix required under current title policy.,"Body Jaccard 0.987; browser and raw-export checks confirmed both live and original WordPress content include `Salesforce has introduced a solution to meet this demand` in the opening section. The remaining H1 delta from live `What does the Composable Storefront mean for SFCC Developers?` to Hugo `What Composable Storefront Means for SFCC Developers` closes under the 2026-03-15 global title policy."
RHI-AUD-111,2026-03-15,batch-11-non-code-heavy,/what-is-commerce-on-core/,What is Salesforce B2C Commerce on Core?,src/content/posts/what-is-commerce-on-core/index.md,architecture|platform-direction|body-parity,reviewed,pass,none,none,pass,pass,pass,"The commerce-on-core explainer preserves the live meaning and structure closely enough for migration parity.",No immediate content fix required.,"Body Jaccard 0.965; H1 matched and no reader-facing identifier corruption was confirmed."
RHI-AUD-112,2026-03-15,batch-12-non-code-heavy,/salesforce-b2c-commerce-the-22-6-release/,Salesforce B2C Commerce: The 22.6 Release,src/content/posts/salesforce-b2c-commerce-the-22-6-release/index.md,release-notes|body-parity,reviewed,pass,none,none,pass,pass,pass,"The 22.6 release recap preserves the live meaning and technical identifiers closely enough for migration parity.",No immediate content fix required.,"Body Jaccard 0.955; H1 matched and reader-facing identifiers such as `Manage_Users_Access_Key` remained intact in the local render."
RHI-AUD-113,2026-03-15,batch-12-non-code-heavy,/ai-wont-steal-your-sfcc-job-but-a-developer-using-ai-will/,"AI Won't Replace Your SFCC Job, but AI Users Might",src/content/posts/ai-wont-steal-your-sfcc-job-but-a-developer-using-ai-will/index.md,community|ai|title-drift,reviewed,pass,none,none,pass,pass,pass,"The AI-and-career essay preserves its main argument, and browser plus raw-export checks confirmed the disputed Rhino-styled intro note is already part of the original article; the remaining shorter Hugo H1 closes under the owner-approved global title policy.",No further content fix required under current title policy.,"Body Jaccard 1.000; browser checks confirmed both live and local render `The Rhino Inquisitor I went all \"Rhino\" up in this place` plus `The Elephant (or Rhino) in the Room`. The raw WordPress export also stores that intro as an Elementor alert widget. The remaining H1 delta closes under the 2026-03-15 global title policy."
RHI-AUD-114,2026-03-15,batch-12-non-code-heavy,/pdf-and-salesforce-commerce-cloud-b2c/,PDF And Salesforce B2C Commerce Cloud,src/content/posts/pdf-and-salesforce-commerce-cloud-b2c/index.md,operations|pdf|body-parity,reviewed,pass,none,none,pass,pass,pass,"The PDF-generation guide preserves the live meaning and technical examples closely enough for migration parity.",No immediate content fix required.,"Body Jaccard 0.992; H1 matched and sampled tokens such as `dw.*` remained intact."
RHI-AUD-115,2026-03-15,batch-12-non-code-heavy,/certifications-for-salesforce-b2c-commerce-cloud/,Certifications for Salesforce B2C Commerce Cloud,src/content/posts/certifications-for-salesforce-b2c-commerce-cloud/index.md,certification|body-parity,reviewed,pass,none,none,pass,pass,pass,"The certification overview preserves the live meaning and structure closely enough for migration parity.",No immediate content fix required.,"Body Jaccard 0.986; H1 matched and no reader-facing identifier corruption was confirmed."
RHI-AUD-116,2026-03-15,batch-12-non-code-heavy,/commerce-cloud-t-shirts-on-shirtforce/,Commerce Cloud t-shirts on #shirtforce,src/content/posts/commerce-cloud-t-shirts-on-shirtforce/index.md,community|body-parity,reviewed,pass,none,none,pass,pass,pass,"The Shirtforce community article preserves the live meaning and structure closely enough for migration parity.",No immediate content fix required.,"Body Jaccard 1.000; H1 matched and no migration-only fidelity defect was confirmed."
RHI-AUD-117,2026-03-15,batch-12-non-code-heavy,/get-connected-at-salesforce-connections-2022/,Get connected at Salesforce Connections 2022,src/content/posts/get-connected-at-salesforce-connections-2022/index.md,community|events|body-parity,reviewed,pass,none,none,pass,pass,pass,"The Connections event preview preserves the live meaning and structure closely enough for migration parity.",No immediate content fix required.,"Body Jaccard 1.000; H1 matched and no migration-only fidelity defect was confirmed."
RHI-AUD-118,2026-03-15,batch-12-non-code-heavy,/podcasts-for-salesforce-b2c-commerce-cloud/,Podcasts about Salesforce B2C Commerce Cloud,src/content/posts/podcasts-for-salesforce-b2c-commerce-cloud/index.md,community|resources|body-parity,reviewed,pass,none,none,pass,pass,pass,"The podcast roundup preserves the live meaning and structure closely enough for migration parity.",No immediate content fix required.,"Body Jaccard 0.991; H1 matched and no reader-facing identifier corruption was confirmed."
RHI-AUD-119,2026-03-15,batch-12-non-code-heavy,/salesforce-commerce-cloud-products/,9 Salesforce Commerce Cloud Products,src/content/posts/salesforce-commerce-cloud-products/index.md,product-overview|body-parity,reviewed,pass,none,none,pass,pass,pass,"The Commerce Cloud product-family overview preserves the live meaning and structure closely enough for migration parity.",No immediate content fix required.,"Body Jaccard 0.993; H1 matched and no reader-facing identifier corruption was confirmed."
RHI-AUD-120,2026-03-15,batch-12-non-code-heavy,/should-i-get-javascript-developer-i-certified/,Should I get JavaScript Developer I certified?,src/content/posts/should-i-get-javascript-developer-i-certified/index.md,certification|body-parity,reviewed,pass,none,none,pass,pass,pass,"The JavaScript certification article preserves the live meaning and structure closely enough for migration parity.",No immediate content fix required.,"Body Jaccard 1.000; H1 matched and the local introduction only regrouped the opening prose without introducing a reader-facing defect."
RHI-AUD-121,2026-03-15,batch-12-non-code-heavy,/the-b2c-commerce-architect-certification/,B2C Commerce Architect Certification Guide,src/content/posts/the-b2c-commerce-architect-certification/index.md,certification|title-drift|presentation-drift,reviewed,pass,none,none,pass,pass,pass,"The architect-certification guide preserves the study content, and browser plus raw-export checks confirmed the repeated `The Official List` labels are also part of the original article; the remaining shorter Hugo H1 closes under the owner-approved global title policy.",No further content fix required under current title policy.,"Body Jaccard 1.000; browser checks confirmed both live and local render `The Official List` in the certification sections, and the raw export also preserves that heading text. The remaining H1 delta from live `B2C Commerce Architect Certification: A Complete Guide to Preparation` to Hugo `B2C Commerce Architect Certification Guide` closes under the 2026-03-15 global title policy."
RHI-AUD-132,2026-03-15,batch-14-non-code-heavy,/salesforce-b2c-commerce-cloud-catalog-erd/,Salesforce B2C Commerce Cloud Product And Catalog ERD,src/content/posts/salesforce-b2c-commerce-cloud-catalog-erd/index.md,erd|body-parity,reviewed,pass,none,none,pass,pass,pass,"The product-and-catalog ERD article preserves the live meaning and structure closely enough for migration parity.",No immediate content fix required.,"Body Jaccard 0.940; H1 matched and the additional draw.io link presentation does not introduce a reader-facing fidelity defect."
RHI-AUD-133,2026-03-15,batch-14-non-code-heavy,/salesforce-b2c-commerce-cloud-content-erd/,Salesforce B2C Commerce Cloud Content ERD,src/content/posts/salesforce-b2c-commerce-cloud-content-erd/index.md,erd|body-parity,reviewed,pass,none,none,pass,pass,pass,"The content ERD article preserves the live meaning and structure closely enough for migration parity.",No immediate content fix required.,"Body Jaccard 0.972; H1 matched and the additional draw.io link presentation does not introduce a reader-facing fidelity defect."
RHI-AUD-134,2026-03-15,batch-14-non-code-heavy,/salesforce-b2c-commerce-cloud-customer-erd/,Salesforce B2C Commerce Cloud Customer ERD,src/content/posts/salesforce-b2c-commerce-cloud-customer-erd/index.md,erd|body-parity,reviewed,pass,none,none,pass,pass,pass,"The customer ERD article preserves the live meaning and structure closely enough for migration parity.",No immediate content fix required.,"Body Jaccard 1.000; H1 matched and the additional draw.io link presentation does not introduce a reader-facing fidelity defect."
RHI-AUD-135,2026-03-15,batch-14-non-code-heavy,/sfcc-basket-order-erd/,Salesforce B2C Commerce Cloud Basket & Order ERD,src/content/posts/sfcc-basket-order-erd/index.md,erd|body-parity,reviewed,pass,none,none,pass,pass,pass,"The basket-and-order ERD article preserves the live meaning and structure closely enough for migration parity.",No immediate content fix required.,"Body Jaccard 0.990; H1 matched and the additional draw.io link presentation does not introduce a reader-facing fidelity defect."
RHI-AUD-136,2026-03-15,batch-14-non-code-heavy,/simplifying-the-salesforce-order-of-execution/,Simplifying the Salesforce Order of Execution,src/content/posts/simplifying-the-salesforce-order-of-execution/index.md,salesforce-platform|presentation-drift,reviewed,pass,none,none,pass,pass,pass,"The order-of-execution article preserves the live meaning and planning guidance closely enough for migration parity.",No immediate content fix required.,"Body Jaccard 0.986; H1 matched and the reordered intro plus surfaced Lucid link do not introduce a reader-facing fidelity defect."
RHI-AUD-137,2026-03-15,batch-14-non-code-heavy,/sfcc-introduction/,B2C Commerce Cloud: Features and Tech Stacks,src/content/posts/sfcc-introduction/index.md,introduction|title-drift|presentation-drift,reviewed,pass,none,none,pass,pass,pass,"The SFCC introduction now keeps the original AI-summary framing without exposing a raw YouTube URL inline; after normalizing that media presentation, the remaining shorter Hugo H1 closes under the owner-approved global title policy.",No further content fix required.,"Body Jaccard 0.984; browser plus raw-export checks confirmed the original WordPress article already included the `AI Summary` alert and the same introductory summary text, but the local page surfaced a raw `https://www.youtube.com/watch?v=qeyqm19m820` URL inline. The migrated source now renders a labeled link instead, and the remaining H1 delta from live `B2C Commerce Cloud Introduction: Exploring Features & Tech Stacks` to Hugo `B2C Commerce Cloud: Features and Tech Stacks` closes under the 2026-03-15 global title policy."
RHI-AUD-138,2026-03-15,batch-14-non-code-heavy,/slicing-versus-variation-groups-in-sfcc/,Slicing versus Variation Groups in Commerce Cloud,src/content/posts/slicing-versus-variation-groups-in-sfcc/index.md,architecture|body-parity,reviewed,pass,none,none,pass,pass,pass,"The slicing-versus-variation-groups article preserves the live meaning and structure closely enough for migration parity.",No immediate content fix required.,"Body Jaccard 1.000; H1 matched and no reader-facing identifier corruption was confirmed."
RHI-AUD-139,2026-03-15,batch-14-non-code-heavy,/the-importance-of-origin-shielding/,Origin Shielding in Commerce Cloud,src/content/posts/the-importance-of-origin-shielding/index.md,architecture|title-drift,reviewed,pass,none,none,pass,pass,pass,"The origin-shielding article preserves its operational guidance, and browser plus raw-export checks confirmed the disputed opening framing is already present in the original article; the remaining shorter Hugo H1 closes under the owner-approved global title policy.",No further content fix required under current title policy.,"Body Jaccard 1.000; browser checks confirmed the live baseline includes `As online security becomes increasingly important (and always has been)` and the raw WordPress export preserves the same opening paragraph. The remaining H1 delta from live `The importance of Origin Shielding and your Commerce Cloud instance` to Hugo `Origin Shielding in Commerce Cloud` closes under the 2026-03-15 global title policy."
RHI-AUD-140,2026-03-15,batch-14-non-code-heavy,/the-move-from-sitegenesis-and-sfra-to-the-composable-storefront-as-a-developer/,Moving from SiteGenesis and SFRA to Composable Storefront,src/content/posts/the-move-from-sitegenesis-and-sfra-to-the-composable-storefront-as-a-developer/index.md,architecture|headless|title-drift,reviewed,pass,none,none,pass,pass,pass,"The move-to-composable article preserves the live guidance, and the remaining shorter Hugo H1 is accepted under the owner-approved global title policy for title-only medium rows.",No further content fix required under current title policy.,"Body Jaccard 1.000; browser and raw-export checks confirmed the opening body matches live, including `As a Salesforce B2C Commerce Cloud developer`. The remaining H1 delta from live `The move from SiteGenesis and SFRA to the Composable Storefront as a developer` to Hugo `Moving from SiteGenesis and SFRA to Composable Storefront` closes under the 2026-03-15 global title policy."
RHI-AUD-141,2026-03-15,batch-14-non-code-heavy,/where-to-start-when-you-are-new-to-salesforce-b2c-commerce-cloud-development/,Where to Start with SFCC Development,src/content/posts/where-to-start-when-you-are-new-to-salesforce-b2c-commerce-cloud-development/index.md,onboarding|title-drift,reviewed,pass,none,none,pass,pass,pass,"The newcomer-onboarding article preserves its practical guidance, and browser plus raw-export checks confirmed the disputed setup framing is already present in the original article; the remaining shorter Hugo H1 closes under the owner-approved global title policy.",No further content fix required under current title policy.,"Body Jaccard 1.000; browser and raw-export checks confirmed both live and original WordPress content include `Welcome to the exciting world of Salesforce B2C Commerce Cloud Development` in the opening section. The remaining H1 delta from live `Where to start when you are new to Salesforce B2C Commerce Cloud development?` to Hugo `Where to Start with SFCC Development` closes under the 2026-03-15 global title policy."
RHI-AUD-122,2026-03-15,batch-13-non-code-heavy,/ai-as-an-architect-and-content-creator/,AI as an Architect and Content Creator,src/content/posts/ai-as-an-architect-and-content-creator/index.md,community|ai|title-drift,reviewed,pass,none,none,pass,pass,pass,"The AI workflow article preserves its body, headings, and media closely, and the remaining shorter Hugo H1 is accepted under the owner-approved global title policy for title-only medium rows.",No further content fix required under current title policy.,"Body Jaccard 0.953; browser and raw-export checks confirmed the opening body matches live, including `As a content creator and Salesforce Commerce Cloud architect`. The remaining H1 delta from live `Mastering the Power of AI: Leveraging Technology as an Architect and Content Creator` to Hugo `AI as an Architect and Content Creator` closes under the 2026-03-15 global title policy."
RHI-AUD-123,2026-03-15,batch-13-non-code-heavy,/ai-automation-to-augmentation-at-work/,AI Automation to Augmentation: Its new role in the workplace,src/content/posts/ai-automation-to-augmentation-at-work/index.md,community|ai|body-parity,reviewed,pass,none,none,pass,pass,pass,"The workplace-AI article preserves the live meaning and structure closely enough for migration parity.",No immediate content fix required.,"Body Jaccard 0.963; H1 matched and sentence-level differences reduced to paragraph regrouping and list presentation rather than reader-facing drift."
RHI-AUD-124,2026-03-15,batch-13-non-code-heavy,/ai-einstein-in-salesforce-b2c-commerce-cloud/,AI (Einstein) in Salesforce B2C Commerce Cloud,src/content/posts/ai-einstein-in-salesforce-b2c-commerce-cloud/index.md,ai|product-overview|body-parity,reviewed,pass,none,none,pass,pass,pass,"The Einstein overview preserves the live body, headings, and media closely enough for migration parity.",No immediate content fix required.,"Body Jaccard 0.892; H1 matched and the lower similarity was driven by paragraph and list regrouping rather than reader-facing content loss."
RHI-AUD-125,2026-03-15,batch-13-non-code-heavy,/chasing-clouds-catching-up-with-the-commercecrew-at-dreamforce-2023/,Dreamforce 2023 Recap with the CommerceCrew,src/content/posts/chasing-clouds-catching-up-with-the-commercecrew-at-dreamforce-2023/index.md,community|events|title-drift,reviewed,pass,none,none,pass,pass,pass,"The Dreamforce recap preserves its body and images, and the remaining shorter Hugo H1 is accepted under the owner-approved global title policy for title-only medium rows.",No further content fix required under current title policy.,"Body Jaccard 0.980; browser and raw-export checks confirmed the opening body matches live, including `For those of you who have been wondering about my whereabouts`. The remaining H1 delta from live `Chasing Clouds & Catching Up with the #CommerceCrew at Dreamforce 2023` to Hugo `Dreamforce 2023 Recap with the CommerceCrew` closes under the 2026-03-15 global title policy."
RHI-AUD-126,2026-03-15,batch-13-non-code-heavy,/how-to-get-salesforce-certification-vouchers/,How to get Salesforce certification vouchers,src/content/posts/how-to-get-salesforce-certification-vouchers/index.md,certification|body-parity,reviewed,pass,none,none,pass,pass,pass,"The certification-voucher guide preserves the live meaning and structure closely enough for migration parity.",No immediate content fix required.,"Body Jaccard 0.920; H1 matched and the visible differences reduced to paragraph regrouping around certification and accreditation guidance."
RHI-AUD-127,2026-03-15,batch-13-non-code-heavy,/is-salesforce-certification-worth-it/,Is Salesforce Certification worth it?,src/content/posts/is-salesforce-certification-worth-it/index.md,certification|body-parity,reviewed,pass,none,none,pass,pass,pass,"The certification-value article preserves the live meaning and structure closely enough for migration parity.",No immediate content fix required.,"Body Jaccard 0.951; H1 matched and no reader-facing token loss or editorial insertion was confirmed."
RHI-AUD-128,2026-03-15,batch-13-non-code-heavy,/lets-go-live-customer-migration/,Let's GO-LIVE: Customer Migration,src/content/posts/lets-go-live-customer-migration/index.md,operations|go-live|body-parity,reviewed,pass,none,none,pass,pass,pass,"The customer-migration guide preserves the live meaning and structure closely enough for migration parity.",No immediate content fix required.,"Body Jaccard 0.910; H1 matched and the lower similarity was driven by paragraph consolidation in operational guidance rather than reader-facing drift."
RHI-AUD-129,2026-03-15,batch-13-non-code-heavy,/lets-go-live-seo/,Let's GO-LIVE: SEO,src/content/posts/lets-go-live-seo/index.md,seo|go-live|body-parity,reviewed,pass,none,none,pass,pass,pass,"The go-live SEO guide preserves the live meaning and structure closely enough for migration parity.",No immediate content fix required.,"Body Jaccard 0.903; H1 matched and sentence-level differences reduced to paragraph regrouping and section-intro formatting rather than new content."
RHI-AUD-130,2026-03-15,batch-13-non-code-heavy,/life-is-about-choices/,Life is about choices,src/content/posts/life-is-about-choices/index.md,community|editorial|body-parity,reviewed,pass,none,none,pass,pass,pass,"The reflective editorial preserves the live meaning and structure closely enough for migration parity.",No immediate content fix required.,"Body Jaccard 0.965; H1 matched and the visible differences reduced to paragraph regrouping rather than editorial drift."
RHI-AUD-131,2026-03-15,batch-13-non-code-heavy,/non-technical-sfcc-certifications/,Non-Technical Salesforce B2C Commerce Certifications,src/content/posts/non-technical-sfcc-certifications/index.md,certification|title-drift|body-parity,reviewed,pass,none,none,pass,pass,pass,"The non-technical certification guide preserves its study content and structure, and the remaining shorter Hugo H1 is accepted under the owner-approved global title policy for title-only medium rows.",No further content fix required under current title policy.,"Body Jaccard 0.935; browser and raw-export checks confirmed the opening body matches live, including `People working as Business Analysts`. The remaining H1 delta from live `Salesforce B2C Commerce Certifications for Non-Technical Professionals` to Hugo `Non-Technical Salesforce B2C Commerce Certifications` closes under the 2026-03-15 global title policy."
RHI-AUD-142,2026-03-15,batch-15-final-wave,/office-hours-for-salesforce-b2c-commerce-cloud/,Office Hours for Salesforce B2C Commerce Cloud,src/content/posts/office-hours-for-salesforce-b2c-commerce-cloud/index.md,community|resource-guide|body-parity,reviewed,pass,none,none,pass,pass,pass,"The office-hours guide preserves the live meaning, links, and section flow closely enough for migration parity.",No immediate content fix required.,"Live H1 matched and the opening intro plus B2C, OMS, solution-architect, and marketplace office-hours sections aligned without reader-facing token drift."
RHI-AUD-143,2026-03-15,batch-15-final-wave,/phase-3-performance-baseline/,Phase 3 Performance Baseline,src/content/posts/phase-3-performance-baseline/index.md,scaffold-fixture|baseline-missing|phase-3,reviewed,pass,none,none,pass,pass,pass,"The phase-3 route is an accepted non-migration scaffold fixture rather than a live WordPress article, so the 404 on the live site is a scope boundary and not an unresolved fidelity defect.",No content fix required; retain as a scaffold fixture and keep it outside migration-owned parity decisions.,"Repository evidence shows `scaffoldFixture: true` in source, and the parity checker already excludes scaffold fixtures from migration-owned content counts. Live https://www.rhino-inquisitor.com/phase-3-performance-baseline/ returns `404 Error`, so WordPress-export or Salesforce documentation is not a relevant baseline for this row."
RHI-AUD-144,2026-03-15,batch-15-final-wave,/reflecting-on-2-years-of-blogging/,Two Years of Blogging in the SFCC Ecosystem,src/content/posts/reflecting-on-2-years-of-blogging/index.md,community|anniversary|title-drift,reviewed,pass,none,none,pass,pass,pass,"The anniversary post preserves its body, section flow, and community reflections, and the remaining shorter Hugo H1 is accepted under the owner-approved global title policy for title-only medium rows.",No further content fix required under current title policy.,"Live WordPress and the raw WordPress export both keep the title `Reflecting on Two Years of Blogging: My Journey in the SFCC Ecosystem`, while Hugo uses `Two Years of Blogging in the SFCC Ecosystem`; the opening paragraphs and section sequence remained aligned, so this closes as title-only drift under the 2026-03-15 global title policy."
RHI-AUD-145,2026-03-15,batch-15-final-wave,/the-journey-from-developer-to-architect/,The journey from developer to architect,src/content/posts/the-journey-from-developer-to-architect/index.md,career|architecture|body-parity,reviewed,pass,none,none,pass,pass,pass,"The developer-to-architect reflection preserves the live meaning, examples, and section structure closely enough for migration parity.",No immediate content fix required.,"Live and local openings aligned, the section sequence matched, and the visible H1 difference reduced to capitalization rather than a meaning-changing rewrite."
RHI-AUD-146,2026-03-15,batch-15-final-wave,/the-move-from-on-site-to-remote/,The move from on-site to remote,src/content/posts/the-move-from-on-site-to-remote/index.md,career|remote-work|body-parity,reviewed,pass,none,none,pass,pass,pass,"The remote-work reflection preserves the live body, imagery context, and section flow closely enough for migration parity.",No immediate content fix required.,"Live H1 matched semantically and the opening, family/meeting sections, and remote-work conclusion aligned without new reader-facing drift."
RHI-AUD-147,2026-03-15,batch-15-final-wave,/the-state-of-ohana-for-salesforce-commerce-cloud/,The state of Ohana for Salesforce Commerce Cloud,src/content/posts/the-state-of-ohana-for-salesforce-commerce-cloud/index.md,community|ohana|body-parity,reviewed,pass,none,none,pass,pass,pass,"The community-history article preserves the live meaning, charts, and Slack call-to-action closely enough for migration parity.",No immediate content fix required.,"Live H1 matched and the Demandware, platform-comparison, Slack, and join-community sections aligned without migration-only token corruption or raw-link exposure."
RHI-AUD-148,2026-03-15,batch-15-final-wave,/the-sunsetting-of-arc300-architect-b2c-commerce-solutions/,The sunsetting of ARC300 (Architect B2C Commerce Solutions),src/content/posts/the-sunsetting-of-arc300-architect-b2c-commerce-solutions/index.md,career|trailhead-academy|body-parity,reviewed,pass,none,none,pass,pass,pass,"The ARC300 sunset reflection preserves the live meaning, section flow, and resource guidance closely enough for migration parity.",No immediate content fix required.,"Live H1 matched and the opening, instructor-reflection, replacement-course speculation, and preparation-guidance sections aligned without reader-facing drift."
RHI-AUD-149,2026-03-15,batch-15-final-wave,/trailblazerdx-2022-for-b2c-commerce/,TrailblazerDX 2022 for B2C Commerce,src/content/posts/trailblazerdx-2022-for-b2c-commerce/index.md,community|event-guide|body-parity,reviewed,pass,none,none,pass,pass,pass,"The TrailblazerDX session guide preserves the live agenda, links, and event framing closely enough for migration parity.",No immediate content fix required.,"Live H1 matched and the opening event framing, session schedule, and Weezer closeout remained aligned without migration-only presentation defects."
RHI-AUD-150,2026-03-15,batch-15-final-wave,/what-can-i-use-chatgpt-for-when-working-with-salesforce/,What can I use ChatGPT for when working with Salesforce?,src/content/posts/what-can-i-use-chatgpt-for-when-working-with-salesforce/index.md,ai|salesforce|body-parity,reviewed,pass,none,none,pass,pass,pass,"The ChatGPT article preserves the live argument, examples, and cautionary framing closely enough for migration parity.",No immediate content fix required.,"Live H1 matched and the concerns, use cases, and conclusion sections aligned; the slightly awkward `Other Services` transition is already present in the live baseline rather than being a migration-only defect."
RHI-AUD-151,2026-03-15,batch-15-final-wave,/what-skills-do-i-need-as-a-sfcc-architect/,Skills You Need as an SFCC Architect,src/content/posts/what-skills-do-i-need-as-a-sfcc-architect/index.md,architecture|career|title-drift,reviewed,pass,none,none,pass,pass,pass,"The architect-skills guide preserves its body, examples, and progression advice, and the remaining shorter Hugo H1 is accepted under the owner-approved global title policy for title-only medium rows.",No further content fix required under current title policy.,"Live WordPress and the raw WordPress export both keep the title `What skills do I need as a Salesforce Commerce Cloud Architect?`, while Hugo uses `Skills You Need as an SFCC Architect`; the opening and section sequence remained aligned, so this closes as title-only drift under the 2026-03-15 global title policy."
