audit_id,audit_run_id,audit_date,article_url,source_file,signals,live_h1,local_h1,text_similarity,heading_similarity,code_similarity,baseline_delta_status,manual_verification_status,overall_result,severity,finding_classification,summary,recommended_action,evidence
RHI-CRIT-001,phase-8-critical-rerun-2026-03-17,2026-03-17,/20-years-of-dreamforce/,src/content/posts/20-years-of-dreamforce/index.md,community|events|body-parity,20 years of Dreamforce,20 years of Dreamforce,0.962,0.786,1.000,unchanged,automated,pass,none,no-material-drift,No material reader-facing drift was detected in the critical-focused rerun.,No action required.,text_similarity=0.962; heading_similarity=0.786; code_similarity=1.000; live_code_block_count=0; local_code_block_count=0; raw_url_diff=0
RHI-CRIT-002,phase-8-critical-rerun-2026-03-17,2026-03-17,/a-beginners-guide-to-webdav-in-sfcc/,src/content/posts/a-beginners-guide-to-webdav-in-sfcc/index.md,code-heavy|webdav|file-management,A Beginner’s Guide to WebDAV for Salesforce B2C Commerce Cloud: Simplifying File Management,Beginner's Guide to WebDAV in SFCC,0.963,1.000,1.000,improved,automated,pass,none,expected-title-h1-drift,The strongest remaining difference is the expected live-versus-local H1 rewrite.,No action required for the critical queue unless headline alignment is later brought back into scope.,text_similarity=0.963; heading_similarity=1.000; code_similarity=1.000; live_code_block_count=1; local_code_block_count=1; raw_url_diff=0; live_h1=A Beginner’s Guide to WebDAV for Salesforce B2C Commerce Cloud: Simplifying File Management; local_h1=Beginner's Guide to WebDAV in SFCC
RHI-CRIT-003,phase-8-critical-rerun-2026-03-17,2026-03-17,/a-deep-dive-into-the-23-7-sfcc-release/,src/content/posts/a-deep-dive-into-the-23-7-sfcc-release/index.md,release-notes|editorial-drift,A deep-dive into the 23.7 Commerce Cloud release,A deep-dive into the 23.7 Commerce Cloud release,0.953,1.000,1.000,unchanged,automated,pass,none,no-material-drift,No material reader-facing drift was detected in the critical-focused rerun.,No action required.,text_similarity=0.953; heading_similarity=1.000; code_similarity=1.000; live_code_block_count=0; local_code_block_count=0; raw_url_diff=0
RHI-CRIT-004,phase-8-critical-rerun-2026-03-17,2026-03-17,/a-dev-guide-to-combating-fraud-on-sfcc/,src/content/posts/a-dev-guide-to-combating-fraud-on-sfcc/index.md,longform|security|title-drift,Unmasking the Ghosts in the Machine: A Developer’s Guide to Combating Fraud on Salesforce B2C Commerce Cloud,Developer's Guide to Combating Fraud in SFCC,0.976,1.000,1.000,improved,automated,pass,none,expected-title-h1-drift,The strongest remaining difference is the expected live-versus-local H1 rewrite.,No action required for the critical queue unless headline alignment is later brought back into scope.,text_similarity=0.976; heading_similarity=1.000; code_similarity=1.000; live_code_block_count=0; local_code_block_count=0; raw_url_diff=0; live_h1=Unmasking the Ghosts in the Machine: A Developer’s Guide to Combating Fraud on Salesforce B2C Commerce Cloud; local_h1=Developer's Guide to Combating Fraud in SFCC
RHI-CRIT-005,phase-8-critical-rerun-2026-03-17,2026-03-17,/a-look-at-the-23-9-commerce-cloud-release/,src/content/posts/a-look-at-the-23-9-commerce-cloud-release/index.md,release-notes|title-drift|headless,Transforming the Future with the 23.9 Release and Custom SCAPI Endpoints,SFCC 23.9 Release Highlights and SCAPI Updates,0.946,1.000,1.000,improved,automated,pass,none,expected-title-h1-drift,The strongest remaining difference is the expected live-versus-local H1 rewrite.,No action required for the critical queue unless headline alignment is later brought back into scope.,text_similarity=0.946; heading_similarity=1.000; code_similarity=1.000; live_code_block_count=0; local_code_block_count=0; raw_url_diff=0; live_h1=Transforming the Future with the 23.9 Release and Custom SCAPI Endpoints; local_h1=SFCC 23.9 Release Highlights and SCAPI Updates
RHI-CRIT-006,phase-8-critical-rerun-2026-03-17,2026-03-17,/a-look-at-the-salesforce-b2c-commerce-cloud-23-6-release/,src/content/posts/a-look-at-the-salesforce-b2c-commerce-cloud-23-6-release/index.md,release-notes|slas|identifier-examples,A look at the Salesforce B2C Commerce Cloud 23.6 release,A look at the Salesforce B2C Commerce Cloud 23.6 release,0.950,1.000,1.000,unchanged,automated,pass,none,no-material-drift,No material reader-facing drift was detected in the critical-focused rerun.,No action required.,text_similarity=0.950; heading_similarity=1.000; code_similarity=1.000; live_code_block_count=0; local_code_block_count=0; raw_url_diff=0
RHI-CRIT-007,phase-8-critical-rerun-2026-03-17,2026-03-17,/a-look-at-the-salesforce-b2c-commerce-cloud-24-2-release/,src/content/posts/a-look-at-the-salesforce-b2c-commerce-cloud-24-2-release/index.md,release-notes|callout-heavy,A look at the Salesforce B2C Commerce Cloud 24.2 release,A look at the Salesforce B2C Commerce Cloud 24.2 release,0.984,1.000,1.000,improved,automated,pass,none,no-material-drift,No material reader-facing drift was detected in the critical-focused rerun.,No action required.,text_similarity=0.984; heading_similarity=1.000; code_similarity=1.000; live_code_block_count=2; local_code_block_count=2; raw_url_diff=0
RHI-CRIT-008,phase-8-critical-rerun-2026-03-17,2026-03-17,/a-look-at-the-sfcc-23-5-release/,src/content/posts/a-look-at-the-sfcc-23-5-release/index.md,release-notes|content-insertions,A look at the Salesforce B2C Commerce Cloud 23.5 release,A look at the Salesforce B2C Commerce Cloud 23.5 release,0.937,1.000,1.000,improved,automated,pass,none,no-material-drift,No material reader-facing drift was detected in the critical-focused rerun.,No action required.,text_similarity=0.937; heading_similarity=1.000; code_similarity=1.000; live_code_block_count=0; local_code_block_count=0; raw_url_diff=0
RHI-CRIT-009,phase-8-critical-rerun-2026-03-17,2026-03-17,/a-look-back-at-origin-shielding/,src/content/posts/a-look-back-at-origin-shielding/index.md,code-light|origin-shielding|formatting,A look back at Origin Shielding,A look back at Origin Shielding,0.922,0.250,1.000,improved,automated,pass,none,structure-only-drift,Only non-critical heading-structure drift was detected; the reader-visible body content remains materially aligned.,No action required unless heading structure must match live exactly.,text_similarity=0.922; heading_similarity=0.250; code_similarity=1.000; live_code_block_count=0; local_code_block_count=0; raw_url_diff=0
RHI-CRIT-010,phase-8-critical-rerun-2026-03-17,2026-03-17,/a-new-commerce-cloud-community-in-town/,src/content/posts/a-new-commerce-cloud-community-in-town/index.md,code-heavy|mailto|community-contact,A new Commerce Cloud community in town!,A new Commerce Cloud community in town!,0.881,0.429,1.000,improved,automated,pass,none,structure-only-drift,Only non-critical heading-structure drift was detected; the reader-visible body content remains materially aligned.,No action required unless heading structure must match live exactly.,text_similarity=0.881; heading_similarity=0.429; code_similarity=1.000; live_code_block_count=0; local_code_block_count=0; raw_url_diff=0
RHI-CRIT-011,phase-8-critical-rerun-2026-03-17,2026-03-17,/a-new-day-for-commerce-recap/,src/content/posts/a-new-day-for-commerce-recap/index.md,community|events|body-parity,A New Day for Commerce: Recap,A New Day for Commerce: Recap,0.918,0.692,1.000,improved,automated,pass,none,no-material-drift,No material reader-facing drift was detected in the critical-focused rerun.,No action required.,text_similarity=0.918; heading_similarity=0.692; code_similarity=1.000; live_code_block_count=0; local_code_block_count=0; raw_url_diff=0
RHI-CRIT-012,phase-8-critical-rerun-2026-03-17,2026-03-17,/a-survival-guide-to-sfcc-platform-limits/,src/content/posts/a-survival-guide-to-sfcc-platform-limits/index.md,longform,The SFCC Quota Gauntlet: A Developer’s Survival Guide to the Top Platform Limits,Survival Guide to SFCC Platform Limits,0.975,1.000,1.000,improved,automated,pass,none,expected-title-h1-drift,The strongest remaining difference is the expected live-versus-local H1 rewrite.,No action required for the critical queue unless headline alignment is later brought back into scope.,text_similarity=0.975; heading_similarity=1.000; code_similarity=1.000; live_code_block_count=0; local_code_block_count=0; raw_url_diff=0; live_h1=The SFCC Quota Gauntlet: A Developer’s Survival Guide to the Top Platform Limits; local_h1=Survival Guide to SFCC Platform Limits
RHI-CRIT-013,phase-8-critical-rerun-2026-03-17,2026-03-17,/ai-as-an-architect-and-content-creator/,src/content/posts/ai-as-an-architect-and-content-creator/index.md,community|ai|title-drift,Mastering the Power of AI: Leveraging Technology as an Architect and Content Creator,AI as an Architect and Content Creator,0.961,1.000,1.000,improved,automated,pass,none,expected-title-h1-drift,The strongest remaining difference is the expected live-versus-local H1 rewrite.,No action required for the critical queue unless headline alignment is later brought back into scope.,text_similarity=0.961; heading_similarity=1.000; code_similarity=1.000; live_code_block_count=0; local_code_block_count=0; raw_url_diff=0; live_h1=Mastering the Power of AI: Leveraging Technology as an Architect and Content Creator; local_h1=AI as an Architect and Content Creator
RHI-CRIT-014,phase-8-critical-rerun-2026-03-17,2026-03-17,/ai-automation-to-augmentation-at-work/,src/content/posts/ai-automation-to-augmentation-at-work/index.md,community|ai|body-parity,AI Automation to Augmentation: Its new role in the workplace,AI Automation to Augmentation: Its new role in the workplace,0.957,0.714,1.000,improved,automated,pass,none,no-material-drift,No material reader-facing drift was detected in the critical-focused rerun.,No action required.,text_similarity=0.957; heading_similarity=0.714; code_similarity=1.000; live_code_block_count=0; local_code_block_count=0; raw_url_diff=0
RHI-CRIT-015,phase-8-critical-rerun-2026-03-17,2026-03-17,/ai-einstein-in-salesforce-b2c-commerce-cloud/,src/content/posts/ai-einstein-in-salesforce-b2c-commerce-cloud/index.md,ai|product-overview|body-parity,AI (Einstein) in Salesforce B2C Commerce Cloud,AI (Einstein) in Salesforce B2C Commerce Cloud,0.924,1.000,1.000,improved,automated,pass,none,no-material-drift,No material reader-facing drift was detected in the critical-focused rerun.,No action required.,text_similarity=0.924; heading_similarity=1.000; code_similarity=1.000; live_code_block_count=0; local_code_block_count=0; raw_url_diff=0
RHI-CRIT-016,phase-8-critical-rerun-2026-03-17,2026-03-17,/ai-wont-steal-your-sfcc-job-but-a-developer-using-ai-will/,src/content/posts/ai-wont-steal-your-sfcc-job-but-a-developer-using-ai-will/index.md,community|ai|title-drift,"AI Won’t Steal Your SFCC Job, But a Developer Using AI Will: The Rhino Inquisitor’s Survival Guide","AI Won't Replace Your SFCC Job, but AI Users Might",0.978,1.000,1.000,improved,automated,pass,none,expected-title-h1-drift,The strongest remaining difference is the expected live-versus-local H1 rewrite.,No action required for the critical queue unless headline alignment is later brought back into scope.,"text_similarity=0.978; heading_similarity=1.000; code_similarity=1.000; live_code_block_count=0; local_code_block_count=0; raw_url_diff=0; live_h1=AI Won’t Steal Your SFCC Job, But a Developer Using AI Will: The Rhino Inquisitor’s Survival Guide; local_h1=AI Won't Replace Your SFCC Job, but AI Users Might"
RHI-CRIT-017,phase-8-critical-rerun-2026-03-17,2026-03-17,/an-overview-of-sfcc-global-functions/,src/content/posts/an-overview-of-sfcc-global-functions/index.md,code-heavy|api-reference,A Comprehensive Overview of Server-Side Global Functions in Salesforce B2C Commerce Cloud,SFCC Global Functions Overview,0.975,1.000,1.000,improved,automated,pass,none,expected-title-h1-drift,The strongest remaining difference is the expected live-versus-local H1 rewrite.,No action required for the critical queue unless headline alignment is later brought back into scope.,text_similarity=0.975; heading_similarity=1.000; code_similarity=1.000; live_code_block_count=7; local_code_block_count=7; raw_url_diff=0; live_h1=A Comprehensive Overview of Server-Side Global Functions in Salesforce B2C Commerce Cloud; local_h1=SFCC Global Functions Overview
RHI-CRIT-018,phase-8-critical-rerun-2026-03-17,2026-03-17,/b2c-commerce-cloud-campaign-erd/,src/content/posts/b2c-commerce-cloud-campaign-erd/index.md,code-heavy|xsd-snippets|erd,Campaign ERD of Salesforce B2C Commerce Cloud,Campaign ERD of Salesforce B2C Commerce Cloud,0.912,0.600,1.000,improved,automated,pass,none,no-material-drift,No material reader-facing drift was detected in the critical-focused rerun.,No action required.,text_similarity=0.912; heading_similarity=0.600; code_similarity=1.000; live_code_block_count=1; local_code_block_count=1; raw_url_diff=0
RHI-CRIT-019,phase-8-critical-rerun-2026-03-17,2026-03-17,/b2c-commerce-whats-new-in-22-4/,src/content/posts/b2c-commerce-whats-new-in-22-4/index.md,release-notes|punctuation-normalization,B2C Commerce: What’s New In 22.4,B2C Commerce: What's New In 22.4,0.897,0.929,1.000,improved,automated,pass,none,no-material-drift,No material reader-facing drift was detected in the critical-focused rerun.,No action required.,text_similarity=0.897; heading_similarity=0.929; code_similarity=1.000; live_code_block_count=0; local_code_block_count=0; raw_url_diff=0
RHI-CRIT-020,phase-8-critical-rerun-2026-03-17,2026-03-17,/b2c-commerce-whats-new-in-the-22-3-release/,src/content/posts/b2c-commerce-whats-new-in-the-22-3-release/index.md,release-notes|punctuation-normalization,B2C Commerce: What’s new in the 22.3 release,B2C Commerce: What's new in the 22.3 release,0.900,0.556,1.000,improved,automated,pass,none,no-material-drift,No material reader-facing drift was detected in the critical-focused rerun.,No action required.,text_similarity=0.900; heading_similarity=0.556; code_similarity=1.000; live_code_block_count=0; local_code_block_count=0; raw_url_diff=0
RHI-CRIT-021,phase-8-critical-rerun-2026-03-17,2026-03-17,/caching-in-the-sfcc-composable-storefront/,src/content/posts/caching-in-the-sfcc-composable-storefront/index.md,code-heavy|caching,Caching in the Salesforce Composable Storefront,Caching in the Salesforce Composable Storefront,0.947,0.800,1.000,unchanged,automated,pass,none,no-material-drift,No material reader-facing drift was detected in the critical-focused rerun.,No action required.,text_similarity=0.947; heading_similarity=0.800; code_similarity=1.000; live_code_block_count=3; local_code_block_count=3; raw_url_diff=0
RHI-CRIT-022,phase-8-critical-rerun-2026-03-17,2026-03-17,/caching-rest-apis-in-sfcc/,src/content/posts/caching-rest-apis-in-sfcc/index.md,code-heavy|ocapi|scapi,Leveraging Server-Side Caching to Improve SFCC REST API Speed,Server-Side Caching for Faster SFCC REST APIs,0.927,0.600,1.000,improved,automated,pass,none,expected-title-h1-drift,The strongest remaining difference is the expected live-versus-local H1 rewrite.,No action required for the critical queue unless headline alignment is later brought back into scope.,text_similarity=0.927; heading_similarity=0.600; code_similarity=1.000; live_code_block_count=3; local_code_block_count=3; raw_url_diff=0; live_h1=Leveraging Server-Side Caching to Improve SFCC REST API Speed; local_h1=Server-Side Caching for Faster SFCC REST APIs
RHI-CRIT-023,phase-8-critical-rerun-2026-03-17,2026-03-17,/certifications-for-salesforce-b2c-commerce-cloud/,src/content/posts/certifications-for-salesforce-b2c-commerce-cloud/index.md,certification|body-parity,Certifications for Salesforce B2C Commerce Cloud,Certifications for Salesforce B2C Commerce Cloud,0.929,0.778,1.000,unchanged,automated,pass,none,no-material-drift,No material reader-facing drift was detected in the critical-focused rerun.,No action required.,text_similarity=0.929; heading_similarity=0.778; code_similarity=1.000; live_code_block_count=0; local_code_block_count=0; raw_url_diff=0
RHI-CRIT-024,phase-8-critical-rerun-2026-03-17,2026-03-17,/chasing-clouds-catching-up-with-the-commercecrew-at-dreamforce-2023/,src/content/posts/chasing-clouds-catching-up-with-the-commercecrew-at-dreamforce-2023/index.md,community|events|title-drift,Chasing Clouds & Catching Up with the #CommerceCrew at Dreamforce 2023,Dreamforce 2023 Recap with the CommerceCrew,0.986,1.000,1.000,improved,automated,pass,none,expected-title-h1-drift,The strongest remaining difference is the expected live-versus-local H1 rewrite.,No action required for the critical queue unless headline alignment is later brought back into scope.,text_similarity=0.986; heading_similarity=1.000; code_similarity=1.000; live_code_block_count=0; local_code_block_count=0; raw_url_diff=0; live_h1=Chasing Clouds & Catching Up with the #CommerceCrew at Dreamforce 2023; local_h1=Dreamforce 2023 Recap with the CommerceCrew
RHI-CRIT-025,phase-8-critical-rerun-2026-03-17,2026-03-17,/commerce-cloud-t-shirts-on-shirtforce/,src/content/posts/commerce-cloud-t-shirts-on-shirtforce/index.md,community|body-parity,Commerce Cloud t-shirts on #shirtforce,Commerce Cloud t-shirts on #shirtforce,0.923,0.778,1.000,unchanged,automated,pass,none,no-material-drift,No material reader-facing drift was detected in the critical-focused rerun.,No action required.,text_similarity=0.923; heading_similarity=0.778; code_similarity=1.000; live_code_block_count=0; local_code_block_count=0; raw_url_diff=0
RHI-CRIT-026,phase-8-critical-rerun-2026-03-17,2026-03-17,/community-salesforce-events-and-commerce-cloud/,src/content/posts/community-salesforce-events-and-commerce-cloud/index.md,code-light|community|media-links,Community Salesforce Events and Commerce Cloud,Community Salesforce Events and Commerce Cloud,0.918,0.474,1.000,improved,automated,pass,none,structure-only-drift,Only non-critical heading-structure drift was detected; the reader-visible body content remains materially aligned.,No action required unless heading structure must match live exactly.,text_similarity=0.918; heading_similarity=0.474; code_similarity=1.000; live_code_block_count=0; local_code_block_count=0; raw_url_diff=0
RHI-CRIT-027,phase-8-critical-rerun-2026-03-17,2026-03-17,/creating-custom-ocapi-endpoints/,src/content/posts/creating-custom-ocapi-endpoints/index.md,code-heavy|deprecation-note,Creating custom OCAPI endpoints,Creating custom OCAPI endpoints,0.866,0.692,0.994,improved,automated,pass,none,no-material-drift,No material reader-facing drift was detected in the critical-focused rerun.,No action required.,text_similarity=0.866; heading_similarity=0.692; code_similarity=0.994; live_code_block_count=5; local_code_block_count=5; raw_url_diff=0
RHI-CRIT-028,phase-8-critical-rerun-2026-03-17,2026-03-17,/custom-preferences-in-sfcc/,src/content/posts/custom-preferences-in-sfcc/index.md,code-heavy|sfcc-script|configuration,Custom Preferences in Salesforce B2C Commerce Cloud: A Developer Guide,Using Custom Preferences in SFCC,0.960,1.000,1.000,improved,automated,pass,none,expected-title-h1-drift,The strongest remaining difference is the expected live-versus-local H1 rewrite.,No action required for the critical queue unless headline alignment is later brought back into scope.,text_similarity=0.960; heading_similarity=1.000; code_similarity=1.000; live_code_block_count=3; local_code_block_count=3; raw_url_diff=0; live_h1=Custom Preferences in Salesforce B2C Commerce Cloud: A Developer Guide; local_h1=Using Custom Preferences in SFCC
RHI-CRIT-029,phase-8-critical-rerun-2026-03-17,2026-03-17,/custom-ttf-fonts-in-pdf-for-sfcc/,src/content/posts/custom-ttf-fonts-in-pdf-for-sfcc/index.md,code-heavy|pdf|font-config,Custom TTF fonts in PDF for Salesforce B2C Commerce Cloud,Custom TTF fonts in PDF for Salesforce B2C Commerce Cloud,0.936,0.400,1.000,improved,automated,pass,none,structure-only-drift,Only non-critical heading-structure drift was detected; the reader-visible body content remains materially aligned.,No action required unless heading structure must match live exactly.,text_similarity=0.936; heading_similarity=0.400; code_similarity=1.000; live_code_block_count=3; local_code_block_count=3; raw_url_diff=0
RHI-CRIT-030,phase-8-critical-rerun-2026-03-17,2026-03-17,/delta-exports-in-salesforce-b2c-commerce-cloud/,src/content/posts/delta-exports-in-salesforce-b2c-commerce-cloud/index.md,operations|exports|body-parity,Delta exports in Salesforce B2C Commerce Cloud,Delta exports in Salesforce B2C Commerce Cloud,0.924,1.000,1.000,unchanged,automated,pass,none,no-material-drift,No material reader-facing drift was detected in the critical-focused rerun.,No action required.,text_similarity=0.924; heading_similarity=1.000; code_similarity=1.000; live_code_block_count=0; local_code_block_count=0; raw_url_diff=0
RHI-CRIT-031,phase-8-critical-rerun-2026-03-17,2026-03-17,/digging-into-the-b2c-commerce-cloud-24-3-release/,src/content/posts/digging-into-the-b2c-commerce-cloud-24-3-release/index.md,release-notes|editorial-drift,Digging into the B2C Commerce Cloud 24.3 release,Digging into the B2C Commerce Cloud 24.3 release,0.970,1.000,1.000,unchanged,automated,pass,none,no-material-drift,No material reader-facing drift was detected in the critical-focused rerun.,No action required.,text_similarity=0.970; heading_similarity=1.000; code_similarity=1.000; live_code_block_count=0; local_code_block_count=0; raw_url_diff=0
RHI-CRIT-032,phase-8-critical-rerun-2026-03-17,2026-03-17,/events-and-the-golden-hoodie/,src/content/posts/events-and-the-golden-hoodie/index.md,code-light|community|longform,Events and the Golden Hoodie,Events and the Golden Hoodie,0.920,0.636,1.000,improved,automated,pass,none,no-material-drift,No material reader-facing drift was detected in the critical-focused rerun.,No action required.,text_similarity=0.920; heading_similarity=0.636; code_similarity=1.000; live_code_block_count=0; local_code_block_count=0; raw_url_diff=0
RHI-CRIT-033,phase-8-critical-rerun-2026-03-17,2026-03-17,/everything-new-in-sfcc-23-4/,src/content/posts/everything-new-in-sfcc-23-4/index.md,release-notes|plugin-slas|code-light,Everything new in Salesforce B2C Commerce Cloud 23.4,Everything new in Salesforce B2C Commerce Cloud 23.4,0.962,1.000,1.000,unchanged,automated,pass,none,no-material-drift,No material reader-facing drift was detected in the critical-focused rerun.,No action required.,text_similarity=0.962; heading_similarity=1.000; code_similarity=1.000; live_code_block_count=0; local_code_block_count=0; raw_url_diff=0
RHI-CRIT-034,phase-8-critical-rerun-2026-03-17,2026-03-17,/fetching-data-in-a-locale-with-sfcc/,src/content/posts/fetching-data-in-a-locale-with-sfcc/index.md,code-heavy|locale|scapi-placeholders,How do you fetch data in a different locale from Salesforce B2C Commerce Cloud?,Fetch Data in Another Locale with SFCC,0.921,1.000,1.000,improved,automated,pass,none,expected-title-h1-drift,The strongest remaining difference is the expected live-versus-local H1 rewrite.,No action required for the critical queue unless headline alignment is later brought back into scope.,text_similarity=0.921; heading_similarity=1.000; code_similarity=1.000; live_code_block_count=3; local_code_block_count=3; raw_url_diff=0; live_h1=How do you fetch data in a different locale from Salesforce B2C Commerce Cloud?; local_h1=Fetch Data in Another Locale with SFCC
RHI-CRIT-035,phase-8-critical-rerun-2026-03-17,2026-03-17,/field-guide-to-custom-caches-in-sfcc/,src/content/posts/field-guide-to-custom-caches-in-sfcc/index.md,code-heavy|longform,Field Guide to Custom Caches: Wielding a Double-Edged Sword,Field Guide to Custom Caches: Wielding a Double-Edged Sword,0.946,1.000,1.000,unchanged,automated,pass,none,no-material-drift,No material reader-facing drift was detected in the critical-focused rerun.,No action required.,text_similarity=0.946; heading_similarity=1.000; code_similarity=1.000; live_code_block_count=5; local_code_block_count=5; raw_url_diff=0
RHI-CRIT-036,phase-8-critical-rerun-2026-03-17,2026-03-17,/get-connected-at-salesforce-connections-2022/,src/content/posts/get-connected-at-salesforce-connections-2022/index.md,community|events|body-parity,Get connected at Salesforce Connections 2022,Get connected at Salesforce Connections 2022,0.975,0.935,1.000,unchanged,automated,pass,none,no-material-drift,No material reader-facing drift was detected in the critical-focused rerun.,No action required.,text_similarity=0.975; heading_similarity=0.935; code_similarity=1.000; live_code_block_count=0; local_code_block_count=0; raw_url_diff=0
RHI-CRIT-037,phase-8-critical-rerun-2026-03-17,2026-03-17,/getting-secured-with-the-24-5-salesforce-b2c-commerce-cloud-release/,src/content/posts/getting-secured-with-the-24-5-salesforce-b2c-commerce-cloud-release/index.md,release-notes|title-drift|security,Getting secured with the 24.5 Salesforce B2C Commerce Cloud release,What's New in the SFCC 24.5 Security Release,0.962,1.000,1.000,improved,automated,pass,none,expected-title-h1-drift,The strongest remaining difference is the expected live-versus-local H1 rewrite.,No action required for the critical queue unless headline alignment is later brought back into scope.,text_similarity=0.962; heading_similarity=1.000; code_similarity=1.000; live_code_block_count=0; local_code_block_count=0; raw_url_diff=0; live_h1=Getting secured with the 24.5 Salesforce B2C Commerce Cloud release; local_h1=What's New in the SFCC 24.5 Security Release
RHI-CRIT-038,phase-8-critical-rerun-2026-03-17,2026-03-17,/getting-to-know-sfra-as-a-developer/,src/content/posts/getting-to-know-sfra-as-a-developer/index.md,onboarding|sfra|content-insertions,Getting to know SFRA as a developer,Getting to know SFRA as a developer,0.870,1.000,1.000,improved,automated,pass,none,no-material-drift,No material reader-facing drift was detected in the critical-focused rerun.,No action required.,text_similarity=0.870; heading_similarity=1.000; code_similarity=1.000; live_code_block_count=0; local_code_block_count=0; raw_url_diff=0
RHI-CRIT-039,phase-8-critical-rerun-2026-03-17,2026-03-17,/getting-to-know-the-sfcc-24-4-release/,src/content/posts/getting-to-know-the-sfcc-24-4-release/index.md,release-notes|api-errors|header-tokens,Getting to know the SFCC 24.4 Release,Getting to know the SFCC 24.4 Release,0.953,1.000,0.970,unchanged,automated,pass,none,no-material-drift,No material reader-facing drift was detected in the critical-focused rerun.,No action required.,text_similarity=0.953; heading_similarity=1.000; code_similarity=0.970; live_code_block_count=2; local_code_block_count=2; raw_url_diff=0
RHI-CRIT-040,phase-8-critical-rerun-2026-03-17,2026-03-17,/guide-to-the-getprops-method-in-sfcc/,src/content/posts/guide-to-the-getprops-method-in-sfcc/index.md,code-heavy|jsx,A Developer’s Guide to Using the getProps Method in the PWA Kit,A Developer’s Guide to Using the getProps Method in the PWA Kit,0.939,0.867,0.974,unchanged,automated,pass,none,no-material-drift,No material reader-facing drift was detected in the critical-focused rerun.,No action required.,text_similarity=0.939; heading_similarity=0.867; code_similarity=0.974; live_code_block_count=8; local_code_block_count=8; raw_url_diff=0
RHI-CRIT-041,phase-8-critical-rerun-2026-03-17,2026-03-17,/helpful-salesforce-b2c-commerce-cloud-cartridges/,src/content/posts/helpful-salesforce-b2c-commerce-cloud-cartridges/index.md,code-light|cartridges|plugin-slas,Helpful Salesforce B2C Commerce Cloud Cartridges,Helpful Salesforce B2C Commerce Cloud Cartridges,0.909,1.000,1.000,improved,automated,pass,none,no-material-drift,No material reader-facing drift was detected in the critical-focused rerun.,No action required.,text_similarity=0.909; heading_similarity=1.000; code_similarity=1.000; live_code_block_count=0; local_code_block_count=0; raw_url_diff=0
RHI-CRIT-042,phase-8-critical-rerun-2026-03-17,2026-03-17,/helpful-salesforce-b2c-commerce-cloud-cli-tools/,src/content/posts/helpful-salesforce-b2c-commerce-cloud-cli-tools/index.md,code-light|image-light,Helpful Salesforce B2C Commerce Cloud CLI tools,Helpful Salesforce B2C Commerce Cloud CLI tools,0.932,1.000,1.000,unchanged,automated,pass,none,no-material-drift,No material reader-facing drift was detected in the critical-focused rerun.,No action required.,text_similarity=0.932; heading_similarity=1.000; code_similarity=1.000; live_code_block_count=0; local_code_block_count=0; raw_url_diff=0
RHI-CRIT-043,phase-8-critical-rerun-2026-03-17,2026-03-17,/how-to-change-the-code-compatibility-mode-in-salesforce-b2c-commerce-cloud/,src/content/posts/how-to-change-the-code-compatibility-mode-in-salesforce-b2c-commerce-cloud/index.md,code-heavy|platform-settings,How to change the code Compatibility Mode in Salesforce B2C Commerce Cloud,Change Code Compatibility Mode in SFCC,0.951,1.000,1.000,improved,automated,pass,none,expected-title-h1-drift,The strongest remaining difference is the expected live-versus-local H1 rewrite.,No action required for the critical queue unless headline alignment is later brought back into scope.,text_similarity=0.951; heading_similarity=1.000; code_similarity=1.000; live_code_block_count=2; local_code_block_count=2; raw_url_diff=0; live_h1=How to change the code Compatibility Mode in Salesforce B2C Commerce Cloud; local_h1=Change Code Compatibility Mode in SFCC
RHI-CRIT-044,phase-8-critical-rerun-2026-03-17,2026-03-17,/how-to-extend-active-data-in-salesforce-b2c-commerce-cloud/,src/content/posts/how-to-extend-active-data-in-salesforce-b2c-commerce-cloud/index.md,code-heavy|active-data|inline-tags,How to extend Active Data in Salesforce B2C Commerce Cloud,How to extend Active Data in Salesforce B2C Commerce Cloud,0.934,0.600,0.970,improved,automated,pass,none,no-material-drift,No material reader-facing drift was detected in the critical-focused rerun.,No action required.,text_similarity=0.934; heading_similarity=0.600; code_similarity=0.970; live_code_block_count=3; local_code_block_count=3; raw_url_diff=0
RHI-CRIT-045,phase-8-critical-rerun-2026-03-17,2026-03-17,/how-to-filter-jsdoc-in-storybook-autodocs/,src/content/posts/how-to-filter-jsdoc-in-storybook-autodocs/index.md,code-heavy|inline-html,How to filter JSDoc in Storybook Autodocs,How to filter JSDoc in Storybook Autodocs,0.945,1.000,0.964,unchanged,automated,pass,none,no-material-drift,No material reader-facing drift was detected in the critical-focused rerun.,No action required.,text_similarity=0.945; heading_similarity=1.000; code_similarity=0.964; live_code_block_count=5; local_code_block_count=5; raw_url_diff=0
RHI-CRIT-046,phase-8-critical-rerun-2026-03-17,2026-03-17,/how-to-get-a-salesforce-b2c-commerce-cloud-sandbox/,src/content/posts/how-to-get-a-salesforce-b2c-commerce-cloud-sandbox/index.md,code-heavy|mailto|sandbox-access,How to get a Salesforce B2C Commerce Cloud Sandbox,How to get a Salesforce B2C Commerce Cloud Sandbox,0.913,0.750,1.000,unchanged,automated,pass,none,no-material-drift,No material reader-facing drift was detected in the critical-focused rerun.,No action required.,text_similarity=0.913; heading_similarity=0.750; code_similarity=1.000; live_code_block_count=0; local_code_block_count=0; raw_url_diff=0
RHI-CRIT-047,phase-8-critical-rerun-2026-03-17,2026-03-17,/how-to-get-salesforce-certification-vouchers/,src/content/posts/how-to-get-salesforce-certification-vouchers/index.md,certification|body-parity,How to get Salesforce certification vouchers,How to get Salesforce certification vouchers,0.927,0.750,1.000,unchanged,automated,pass,none,no-material-drift,No material reader-facing drift was detected in the critical-focused rerun.,No action required.,text_similarity=0.927; heading_similarity=0.750; code_similarity=1.000; live_code_block_count=0; local_code_block_count=0; raw_url_diff=0
RHI-CRIT-048,phase-8-critical-rerun-2026-03-17,2026-03-17,/how-to-load-client-side-javascript-and-css-in-sfra/,src/content/posts/how-to-load-client-side-javascript-and-css-in-sfra/index.md,code-heavy|isml-snippets,How to load client-side JavaScript and CSS in SFRA,How to load client-side JavaScript and CSS in SFRA,0.943,0.538,0.935,improved,automated,pass,none,structure-only-drift,Only non-critical heading-structure drift was detected; the reader-visible body content remains materially aligned.,No action required unless heading structure must match live exactly.,text_similarity=0.943; heading_similarity=0.538; code_similarity=0.935; live_code_block_count=4; local_code_block_count=4; raw_url_diff=0
RHI-CRIT-049,phase-8-critical-rerun-2026-03-17,2026-03-17,/how-to-set-up-slas-for-the-composable-storefront/,src/content/posts/how-to-set-up-slas-for-the-composable-storefront/index.md,code-heavy|slas|placeholder-url,How to set up SLAS for the Composable Storefront,How to set up SLAS for the Composable Storefront,0.926,0.400,1.000,improved,automated,pass,none,structure-only-drift,Only non-critical heading-structure drift was detected; the reader-visible body content remains materially aligned.,No action required unless heading structure must match live exactly.,text_similarity=0.926; heading_similarity=0.400; code_similarity=1.000; live_code_block_count=3; local_code_block_count=3; raw_url_diff=1
RHI-CRIT-050,phase-8-critical-rerun-2026-03-17,2026-03-17,/how-to-set-up-the-ecdn-in-sfcc-staging/,src/content/posts/how-to-set-up-the-ecdn-in-sfcc-staging/index.md,code-heavy|image-light|warning-callout,How to set up the eCDN for Staging in Salesforce B2C Commerce Cloud,How to set up the eCDN for Staging in Salesforce B2C Commerce Cloud,0.927,0.846,0.958,unchanged,automated,pass,none,no-material-drift,No material reader-facing drift was detected in the critical-focused rerun.,No action required.,text_similarity=0.927; heading_similarity=0.846; code_similarity=0.958; live_code_block_count=11; local_code_block_count=11; raw_url_diff=0
RHI-CRIT-051,phase-8-critical-rerun-2026-03-17,2026-03-17,/how-to-setup-oauth-jwt-for-the-ocapi/,src/content/posts/how-to-setup-oauth-jwt-for-the-ocapi/index.md,code-heavy|jwt|ocapi,How to setup OAuth JWT for the OCAPI,How to setup OAuth JWT for the OCAPI,0.873,0.667,1.000,improved,automated,pass,none,no-material-drift,No material reader-facing drift was detected in the critical-focused rerun.,No action required.,text_similarity=0.873; heading_similarity=0.667; code_similarity=1.000; live_code_block_count=2; local_code_block_count=2; raw_url_diff=1
RHI-CRIT-052,phase-8-critical-rerun-2026-03-17,2026-03-17,/how-to-use-node-18-with-sfra/,src/content/posts/how-to-use-node-18-with-sfra/index.md,code-heavy|node-upgrade,SFRA and Node 18: A Match Made in eCommerce Paradise or Hell?,Using Node 18 with SFRA,0.963,0.667,1.000,improved,automated,pass,none,expected-title-h1-drift,The strongest remaining difference is the expected live-versus-local H1 rewrite.,No action required for the critical queue unless headline alignment is later brought back into scope.,text_similarity=0.963; heading_similarity=0.667; code_similarity=1.000; live_code_block_count=6; local_code_block_count=6; raw_url_diff=0; live_h1=SFRA and Node 18: A Match Made in eCommerce Paradise or Hell?; local_h1=Using Node 18 with SFRA
RHI-CRIT-053,phase-8-critical-rerun-2026-03-17,2026-03-17,/how-to-use-ocapi-scapi-hooks/,src/content/posts/how-to-use-ocapi-scapi-hooks/index.md,code-heavy|longform|update-note,The OCAPI/SCAPI Hooks Playbook: A Deep Dive into Salesforce B2C Commerce Best Practices,Using OCAPI and SCAPI Hooks in SFCC,0.958,0.871,0.999,improved,automated,pass,none,expected-title-h1-drift,The strongest remaining difference is the expected live-versus-local H1 rewrite.,No action required for the critical queue unless headline alignment is later brought back into scope.,text_similarity=0.958; heading_similarity=0.871; code_similarity=0.999; live_code_block_count=8; local_code_block_count=8; raw_url_diff=0; live_h1=The OCAPI/SCAPI Hooks Playbook: A Deep Dive into Salesforce B2C Commerce Best Practices; local_h1=Using OCAPI and SCAPI Hooks in SFCC
RHI-CRIT-054,phase-8-critical-rerun-2026-03-17,2026-03-17,/image-ine-sfcc-dis-for-developers/,src/content/posts/image-ine-sfcc-dis-for-developers/index.md,code-heavy|inline-parameters,Image-ine: Salesforce B2C Commerce Cloud DIS for Developers,Image-ine: Salesforce B2C Commerce Cloud DIS for Developers,0.965,0.857,0.932,changed,automated,pass,none,no-material-drift,No material reader-facing drift was detected in the critical-focused rerun.,No action required.,text_similarity=0.965; heading_similarity=0.857; code_similarity=0.932; live_code_block_count=5; local_code_block_count=5; raw_url_diff=0
RHI-CRIT-055,phase-8-critical-rerun-2026-03-17,2026-03-17,/in-the-ring-ocapi-versus-scapi/,src/content/posts/in-the-ring-ocapi-versus-scapi/index.md,architecture|apis|body-parity,In the ring: OCAPI versus SCAPI,In the ring: OCAPI versus SCAPI,0.908,1.000,1.000,unchanged,automated,pass,none,no-material-drift,No material reader-facing drift was detected in the critical-focused rerun.,No action required.,text_similarity=0.908; heading_similarity=1.000; code_similarity=1.000; live_code_block_count=0; local_code_block_count=0; raw_url_diff=0
RHI-CRIT-056,phase-8-critical-rerun-2026-03-17,2026-03-17,/is-salesforce-certification-worth-it/,src/content/posts/is-salesforce-certification-worth-it/index.md,certification|body-parity,Is Salesforce Certification worth it?,Is Salesforce Certification worth it?,0.951,0.733,1.000,improved,automated,pass,none,no-material-drift,No material reader-facing drift was detected in the critical-focused rerun.,No action required.,text_similarity=0.951; heading_similarity=0.733; code_similarity=1.000; live_code_block_count=0; local_code_block_count=0; raw_url_diff=0
RHI-CRIT-057,phase-8-critical-rerun-2026-03-17,2026-03-17,/it-sure-has-been-quiet-on-this-blog/,src/content/posts/it-sure-has-been-quiet-on-this-blog/index.md,code-light|editorial,It sure has been quiet on this blog.,It sure has been quiet on this blog.,0.952,0.667,1.000,improved,automated,pass,none,no-material-drift,No material reader-facing drift was detected in the critical-focused rerun.,No action required.,text_similarity=0.952; heading_similarity=0.667; code_similarity=1.000; live_code_block_count=0; local_code_block_count=0; raw_url_diff=1
RHI-CRIT-058,phase-8-critical-rerun-2026-03-17,2026-03-17,/kickstart-guide-for-new-sfcc-developers/,src/content/posts/kickstart-guide-for-new-sfcc-developers/index.md,code-heavy|sfra|cartridge-path,The Kickstart Guide for New Salesforce B2C Commerce Developers,The Kickstart Guide for New Salesforce B2C Commerce Developers,0.956,1.000,1.000,unchanged,automated,pass,none,no-material-drift,No material reader-facing drift was detected in the critical-focused rerun.,No action required.,text_similarity=0.956; heading_similarity=1.000; code_similarity=1.000; live_code_block_count=0; local_code_block_count=0; raw_url_diff=0
RHI-CRIT-059,phase-8-critical-rerun-2026-03-17,2026-03-17,/lag-to-riches-a-pwa-kit-developers-guide/,src/content/posts/lag-to-riches-a-pwa-kit-developers-guide/index.md,longform|table-heavy|inline-code,From Lag to Riches: A PWA Kit Developer’s Guide to Storefront Speed,PWA Kit Developer's Guide to Storefront Speed,0.938,1.000,1.000,improved,automated,pass,none,expected-title-h1-drift,The strongest remaining difference is the expected live-versus-local H1 rewrite.,No action required for the critical queue unless headline alignment is later brought back into scope.,text_similarity=0.938; heading_similarity=1.000; code_similarity=1.000; live_code_block_count=0; local_code_block_count=0; raw_url_diff=0; live_h1=From Lag to Riches: A PWA Kit Developer’s Guide to Storefront Speed; local_h1=PWA Kit Developer's Guide to Storefront Speed
RHI-CRIT-060,phase-8-critical-rerun-2026-03-17,2026-03-17,/lets-go-live-customer-migration/,src/content/posts/lets-go-live-customer-migration/index.md,operations|go-live|body-parity,Let’s GO-LIVE: Customer Migration,Let’s GO-LIVE: Customer Migration,0.927,1.000,1.000,unchanged,automated,pass,none,no-material-drift,No material reader-facing drift was detected in the critical-focused rerun.,No action required.,text_similarity=0.927; heading_similarity=1.000; code_similarity=1.000; live_code_block_count=0; local_code_block_count=0; raw_url_diff=0
RHI-CRIT-061,phase-8-critical-rerun-2026-03-17,2026-03-17,/lets-go-live-ecdn/,src/content/posts/lets-go-live-ecdn/index.md,code-light|warning-text,Let’s GO-LIVE: eCDN,Let’s GO-LIVE: eCDN,0.937,0.895,1.000,improved,automated,pass,none,no-material-drift,No material reader-facing drift was detected in the critical-focused rerun.,No action required.,text_similarity=0.937; heading_similarity=0.895; code_similarity=1.000; live_code_block_count=1; local_code_block_count=1; raw_url_diff=1
RHI-CRIT-062,phase-8-critical-rerun-2026-03-17,2026-03-17,/lets-go-live-seo/,src/content/posts/lets-go-live-seo/index.md,seo|go-live|body-parity,Let’s GO-LIVE: SEO,Let's GO-LIVE: SEO,0.915,0.273,1.000,improved,automated,pass,none,structure-only-drift,Only non-critical heading-structure drift was detected; the reader-visible body content remains materially aligned.,No action required unless heading structure must match live exactly.,text_similarity=0.915; heading_similarity=0.273; code_similarity=1.000; live_code_block_count=0; local_code_block_count=0; raw_url_diff=0
RHI-CRIT-063,phase-8-critical-rerun-2026-03-17,2026-03-17,/leveraging-generic-mappings-in-sfcc/,src/content/posts/leveraging-generic-mappings-in-sfcc/index.md,code-heavy|inline-placeholders,Leveraging Generic Mapping for Efficient Data Integration,Leveraging Generic Mapping for Efficient Data Integration,0.919,1.000,1.000,changed,automated,pass,none,no-material-drift,No material reader-facing drift was detected in the critical-focused rerun.,No action required.,text_similarity=0.919; heading_similarity=1.000; code_similarity=1.000; live_code_block_count=4; local_code_block_count=4; raw_url_diff=0
RHI-CRIT-064,phase-8-critical-rerun-2026-03-17,2026-03-17,/life-is-about-choices/,src/content/posts/life-is-about-choices/index.md,community|editorial|body-parity,Life is about choices,Life is about choices,0.981,1.000,1.000,unchanged,automated,pass,none,no-material-drift,No material reader-facing drift was detected in the critical-focused rerun.,No action required.,text_similarity=0.981; heading_similarity=1.000; code_similarity=1.000; live_code_block_count=0; local_code_block_count=0; raw_url_diff=0
RHI-CRIT-065,phase-8-critical-rerun-2026-03-17,2026-03-17,/local-vs-shared-variation-attributes-sfcc/,src/content/posts/local-vs-shared-variation-attributes-sfcc/index.md,code-heavy|xml-snippets,Local vs Shared Variation Attributes in Commerce Cloud,Local vs Shared Variation Attributes in Commerce Cloud,0.962,1.000,1.000,unchanged,automated,pass,none,no-material-drift,No material reader-facing drift was detected in the critical-focused rerun.,No action required.,text_similarity=0.962; heading_similarity=1.000; code_similarity=1.000; live_code_block_count=2; local_code_block_count=2; raw_url_diff=0
RHI-CRIT-066,phase-8-critical-rerun-2026-03-17,2026-03-17,/mail-attachments-in-b2c-commerce-cloud/,src/content/posts/mail-attachments-in-b2c-commerce-cloud/index.md,code-heavy|longform,Mail Attachments in B2C Commerce Cloud,Mail Attachments in B2C Commerce Cloud,0.955,1.000,0.906,changed,automated,pass,none,no-material-drift,No material reader-facing drift was detected in the critical-focused rerun.,No action required.,text_similarity=0.955; heading_similarity=1.000; code_similarity=0.906; live_code_block_count=8; local_code_block_count=8; raw_url_diff=0
RHI-CRIT-067,phase-8-critical-rerun-2026-03-17,2026-03-17,/mastering-chunk-oriented-job-steps-in-salesforce-b2c-commerce-cloud/,src/content/posts/mastering-chunk-oriented-job-steps-in-salesforce-b2c-commerce-cloud/index.md,code-heavy,Mastering Chunk-Oriented Job Steps in Salesforce B2C Commerce Cloud,Mastering Chunk-Oriented Job Steps in SFCC,0.940,0.778,1.000,changed,automated,pass,none,expected-title-h1-drift,The strongest remaining difference is the expected live-versus-local H1 rewrite.,No action required for the critical queue unless headline alignment is later brought back into scope.,text_similarity=0.940; heading_similarity=0.778; code_similarity=1.000; live_code_block_count=7; local_code_block_count=7; raw_url_diff=0; live_h1=Mastering Chunk-Oriented Job Steps in Salesforce B2C Commerce Cloud; local_h1=Mastering Chunk-Oriented Job Steps in SFCC
RHI-CRIT-068,phase-8-critical-rerun-2026-03-17,2026-03-17,/mastering-sitemaps-in-sfcc/,src/content/posts/mastering-sitemaps-in-sfcc/index.md,code-heavy|seo|sitemap-filenames,Mastering Sitemaps in Salesforce B2C Commerce: A Developer’s Guide,Mastering Sitemaps in Salesforce B2C Commerce: A Developer’s Guide,0.946,1.000,1.000,unchanged,manual-reviewed,pass,none,accepted-readable-url-drift,"Rendered review confirms the angle-bracketed sitemap examples remain readable and copy-safe, so this row does not represent a critical reader-facing regression.",No action required.,text_similarity=0.946; heading_similarity=1.000; code_similarity=1.000; live_code_block_count=0; local_code_block_count=0; raw_url_diff=1; malformed_urls=https://www.your-pwa.com/sitemap_index.xml>).
RHI-CRIT-069,phase-8-critical-rerun-2026-03-17,2026-03-17,/migrate-magento-passwords-using-argon2/,src/content/posts/migrate-magento-passwords-using-argon2/index.md,code-heavy|migration-script,How to migrate passwords from Magento using Argon2,How to migrate passwords from Magento using Argon2,0.905,1.000,0.995,improved,automated,pass,none,no-material-drift,No material reader-facing drift was detected in the critical-focused rerun.,No action required.,text_similarity=0.905; heading_similarity=1.000; code_similarity=0.995; live_code_block_count=3; local_code_block_count=3; raw_url_diff=0
RHI-CRIT-070,phase-8-critical-rerun-2026-03-17,2026-03-17,/navigating-dates-calendars-in-sfcc/,src/content/posts/navigating-dates-calendars-in-sfcc/index.md,code-heavy|date-api,"Navigating Dates, Calendars, and Timezones in Salesforce B2C Commerce Cloud","Dates, Calendars, and Time Zones in SFCC",0.931,0.846,1.000,improved,automated,pass,none,expected-title-h1-drift,The strongest remaining difference is the expected live-versus-local H1 rewrite.,No action required for the critical queue unless headline alignment is later brought back into scope.,"text_similarity=0.931; heading_similarity=0.846; code_similarity=1.000; live_code_block_count=8; local_code_block_count=8; raw_url_diff=0; live_h1=Navigating Dates, Calendars, and Timezones in Salesforce B2C Commerce Cloud; local_h1=Dates, Calendars, and Time Zones in SFCC"
RHI-CRIT-071,phase-8-critical-rerun-2026-03-17,2026-03-17,/new-apis-and-features-for-a-headless-sfcc/,src/content/posts/new-apis-and-features-for-a-headless-sfcc/index.md,release-notes|headless|media-presentation,New APIs and Features for a Headless B2C Commerce Cloud,New APIs and Features for a Headless B2C Commerce Cloud,0.959,1.000,1.000,unchanged,automated,pass,none,no-material-drift,No material reader-facing drift was detected in the critical-focused rerun.,No action required.,text_similarity=0.959; heading_similarity=1.000; code_similarity=1.000; live_code_block_count=0; local_code_block_count=0; raw_url_diff=0
RHI-CRIT-072,phase-8-critical-rerun-2026-03-17,2026-03-17,/non-technical-sfcc-certifications/,src/content/posts/non-technical-sfcc-certifications/index.md,certification|title-drift|body-parity,Salesforce B2C Commerce Certifications for Non-Technical Professionals,Non-Technical Salesforce B2C Commerce Certifications,0.950,1.000,1.000,improved,automated,pass,none,expected-title-h1-drift,The strongest remaining difference is the expected live-versus-local H1 rewrite.,No action required for the critical queue unless headline alignment is later brought back into scope.,text_similarity=0.950; heading_similarity=1.000; code_similarity=1.000; live_code_block_count=0; local_code_block_count=0; raw_url_diff=0; live_h1=Salesforce B2C Commerce Certifications for Non-Technical Professionals; local_h1=Non-Technical Salesforce B2C Commerce Certifications
RHI-CRIT-073,phase-8-critical-rerun-2026-03-17,2026-03-17,/office-hours-for-salesforce-b2c-commerce-cloud/,src/content/posts/office-hours-for-salesforce-b2c-commerce-cloud/index.md,community|resource-guide|body-parity,Office Hours for Salesforce B2C Commerce Cloud,Office Hours for Salesforce B2C Commerce Cloud,0.953,0.667,1.000,improved,automated,pass,none,no-material-drift,No material reader-facing drift was detected in the critical-focused rerun.,No action required.,text_similarity=0.953; heading_similarity=0.667; code_similarity=1.000; live_code_block_count=0; local_code_block_count=0; raw_url_diff=0
RHI-CRIT-074,phase-8-critical-rerun-2026-03-17,2026-03-17,/pdf-and-salesforce-commerce-cloud-b2c/,src/content/posts/pdf-and-salesforce-commerce-cloud-b2c/index.md,operations|pdf|body-parity,PDF And Salesforce B2C Commerce Cloud,PDF And Salesforce B2C Commerce Cloud,0.989,0.750,1.000,unchanged,automated,pass,none,no-material-drift,No material reader-facing drift was detected in the critical-focused rerun.,No action required.,text_similarity=0.989; heading_similarity=0.750; code_similarity=1.000; live_code_block_count=0; local_code_block_count=0; raw_url_diff=0
RHI-CRIT-075,phase-8-critical-rerun-2026-03-17,2026-03-17,/phase-3-performance-baseline/,src/content/posts/phase-3-performance-baseline/index.md,scaffold-fixture|baseline-missing|phase-3,404 Error,Phase 3 Performance Baseline,0.000,0.000,1.000,unchanged,exception,needs-review,low,scaffold-exception,"The local route renders article content, but the live site no longer exposes a comparable article body.",Exclude this row from strict live-vs-local parity signoff or confirm that the local route is intentionally local-only.,text_similarity=0.000; heading_similarity=0.000; code_similarity=1.000; live_code_block_count=0; local_code_block_count=0; raw_url_diff=0; live_h1=404 Error; local_h1=Phase 3 Performance Baseline
RHI-CRIT-076,phase-8-critical-rerun-2026-03-17,2026-03-17,/podcasts-for-salesforce-b2c-commerce-cloud/,src/content/posts/podcasts-for-salesforce-b2c-commerce-cloud/index.md,community|resources|body-parity,Podcasts about Salesforce B2C Commerce Cloud,Podcasts about Salesforce B2C Commerce Cloud,0.972,1.000,1.000,unchanged,automated,pass,none,no-material-drift,No material reader-facing drift was detected in the critical-focused rerun.,No action required.,text_similarity=0.972; heading_similarity=1.000; code_similarity=1.000; live_code_block_count=0; local_code_block_count=0; raw_url_diff=0
RHI-CRIT-077,phase-8-critical-rerun-2026-03-17,2026-03-17,/preparing-for-the-b2c-commerce-developer-certification/,src/content/posts/preparing-for-the-b2c-commerce-developer-certification/index.md,code-light|certification|resource-links,Preparing for the B2C Commerce Developer Certification,Preparing for the B2C Commerce Developer Certification,0.934,0.333,1.000,improved,automated,pass,none,structure-only-drift,Only non-critical heading-structure drift was detected; the reader-visible body content remains materially aligned.,No action required unless heading structure must match live exactly.,text_similarity=0.934; heading_similarity=0.333; code_similarity=1.000; live_code_block_count=0; local_code_block_count=0; raw_url_diff=0
RHI-CRIT-078,phase-8-critical-rerun-2026-03-17,2026-03-17,/real-time-inventory-checks-in-sfcc/,src/content/posts/real-time-inventory-checks-in-sfcc/index.md,operations|inventory|title-drift,Taming Real-Time Inventory Checks in Salesforce B2C Commerce Cloud,Real-Time Inventory Checks in SFCC,0.950,0.700,1.000,improved,automated,pass,none,expected-title-h1-drift,The strongest remaining difference is the expected live-versus-local H1 rewrite.,No action required for the critical queue unless headline alignment is later brought back into scope.,text_similarity=0.950; heading_similarity=0.700; code_similarity=1.000; live_code_block_count=0; local_code_block_count=0; raw_url_diff=0; live_h1=Taming Real-Time Inventory Checks in Salesforce B2C Commerce Cloud; local_h1=Real-Time Inventory Checks in SFCC
RHI-CRIT-079,phase-8-critical-rerun-2026-03-17,2026-03-17,/reflecting-on-2-years-of-blogging/,src/content/posts/reflecting-on-2-years-of-blogging/index.md,community|anniversary|title-drift,Reflecting on Two Years of Blogging: My Journey in the SFCC Ecosystem,Two Years of Blogging in the SFCC Ecosystem,0.975,1.000,1.000,improved,automated,pass,none,expected-title-h1-drift,The strongest remaining difference is the expected live-versus-local H1 rewrite.,No action required for the critical queue unless headline alignment is later brought back into scope.,text_similarity=0.975; heading_similarity=1.000; code_similarity=1.000; live_code_block_count=0; local_code_block_count=0; raw_url_diff=0; live_h1=Reflecting on Two Years of Blogging: My Journey in the SFCC Ecosystem; local_h1=Two Years of Blogging in the SFCC Ecosystem
RHI-CRIT-080,phase-8-critical-rerun-2026-03-17,2026-03-17,/salesforce-b2c-commerce-cloud-22-10/,src/content/posts/salesforce-b2c-commerce-cloud-22-10/index.md,release-notes|api-config|inline-code,Salesforce B2C Commerce Cloud 22.10,Salesforce B2C Commerce Cloud 22.10,0.897,0.958,1.000,improved,automated,pass,none,no-material-drift,No material reader-facing drift was detected in the critical-focused rerun.,No action required.,text_similarity=0.897; heading_similarity=0.958; code_similarity=1.000; live_code_block_count=1; local_code_block_count=1; raw_url_diff=0
RHI-CRIT-081,phase-8-critical-rerun-2026-03-17,2026-03-17,/salesforce-b2c-commerce-cloud-22-8/,src/content/posts/salesforce-b2c-commerce-cloud-22-8/index.md,release-notes|xml-snippets,Salesforce B2C Commerce Cloud 22.8,Salesforce B2C Commerce Cloud 22.8,0.901,0.903,1.000,improved,automated,pass,none,no-material-drift,No material reader-facing drift was detected in the critical-focused rerun.,No action required.,text_similarity=0.901; heading_similarity=0.903; code_similarity=1.000; live_code_block_count=2; local_code_block_count=2; raw_url_diff=0
RHI-CRIT-082,phase-8-critical-rerun-2026-03-17,2026-03-17,/salesforce-b2c-commerce-cloud-22-9-release/,src/content/posts/salesforce-b2c-commerce-cloud-22-9-release/index.md,release-notes|cartridge-updates|identifier-token,Salesforce B2C Commerce Cloud 22.9 release,Salesforce B2C Commerce Cloud 22.9 release,0.922,0.875,1.000,unchanged,automated,pass,none,no-material-drift,No material reader-facing drift was detected in the critical-focused rerun.,No action required.,text_similarity=0.922; heading_similarity=0.875; code_similarity=1.000; live_code_block_count=0; local_code_block_count=0; raw_url_diff=0
RHI-CRIT-083,phase-8-critical-rerun-2026-03-17,2026-03-17,/salesforce-b2c-commerce-cloud-23-1/,src/content/posts/salesforce-b2c-commerce-cloud-23-1/index.md,release-notes|code-light,Salesforce B2C Commerce Cloud 23.1,Salesforce B2C Commerce Cloud 23.1,0.934,1.000,1.000,unchanged,automated,pass,none,no-material-drift,No material reader-facing drift was detected in the critical-focused rerun.,No action required.,text_similarity=0.934; heading_similarity=1.000; code_similarity=1.000; live_code_block_count=2; local_code_block_count=2; raw_url_diff=0
RHI-CRIT-084,phase-8-critical-rerun-2026-03-17,2026-03-17,/salesforce-b2c-commerce-cloud-23-10-release-a-comprehensive-overview/,src/content/posts/salesforce-b2c-commerce-cloud-23-10-release-a-comprehensive-overview/index.md,release-notes|title-drift|headless,Salesforce B2C Commerce Cloud 23.10 Release: A Comprehensive Overview,SFCC 23.10 Release Overview,0.967,1.000,1.000,improved,automated,pass,none,expected-title-h1-drift,The strongest remaining difference is the expected live-versus-local H1 rewrite.,No action required for the critical queue unless headline alignment is later brought back into scope.,text_similarity=0.967; heading_similarity=1.000; code_similarity=1.000; live_code_block_count=0; local_code_block_count=0; raw_url_diff=0; live_h1=Salesforce B2C Commerce Cloud 23.10 Release: A Comprehensive Overview; local_h1=SFCC 23.10 Release Overview
RHI-CRIT-085,phase-8-critical-rerun-2026-03-17,2026-03-17,/salesforce-b2c-commerce-cloud-23-2/,src/content/posts/salesforce-b2c-commerce-cloud-23-2/index.md,release-notes|code-light,Salesforce B2C Commerce Cloud 23.2,Salesforce B2C Commerce Cloud 23.2,0.945,0.893,1.000,improved,automated,pass,none,no-material-drift,No material reader-facing drift was detected in the critical-focused rerun.,No action required.,text_similarity=0.945; heading_similarity=0.893; code_similarity=1.000; live_code_block_count=2; local_code_block_count=2; raw_url_diff=0
RHI-CRIT-086,phase-8-critical-rerun-2026-03-17,2026-03-17,/salesforce-b2c-commerce-cloud-23-3-release/,src/content/posts/salesforce-b2c-commerce-cloud-23-3-release/index.md,release-notes|plugin-names|identifier-examples,The Salesforce B2C Commerce Cloud 23.3 release explained,The Salesforce B2C Commerce Cloud 23.3 release explained,0.930,0.920,1.000,unchanged,automated,pass,none,no-material-drift,No material reader-facing drift was detected in the critical-focused rerun.,No action required.,text_similarity=0.930; heading_similarity=0.920; code_similarity=1.000; live_code_block_count=0; local_code_block_count=0; raw_url_diff=0
RHI-CRIT-087,phase-8-critical-rerun-2026-03-17,2026-03-17,/salesforce-b2c-commerce-cloud-catalog-erd/,src/content/posts/salesforce-b2c-commerce-cloud-catalog-erd/index.md,erd|body-parity,Salesforce B2C Commerce Cloud Product And Catalog ERD,Salesforce B2C Commerce Cloud Product And Catalog ERD,0.895,0.333,1.000,improved,automated,pass,none,structure-only-drift,Only non-critical heading-structure drift was detected; the reader-visible body content remains materially aligned.,No action required unless heading structure must match live exactly.,text_similarity=0.895; heading_similarity=0.333; code_similarity=1.000; live_code_block_count=0; local_code_block_count=0; raw_url_diff=0
RHI-CRIT-088,phase-8-critical-rerun-2026-03-17,2026-03-17,/salesforce-b2c-commerce-cloud-content-erd/,src/content/posts/salesforce-b2c-commerce-cloud-content-erd/index.md,erd|body-parity,Salesforce B2C Commerce Cloud Content ERD,Salesforce B2C Commerce Cloud Content ERD,0.913,0.429,1.000,improved,automated,pass,none,structure-only-drift,Only non-critical heading-structure drift was detected; the reader-visible body content remains materially aligned.,No action required unless heading structure must match live exactly.,text_similarity=0.913; heading_similarity=0.429; code_similarity=1.000; live_code_block_count=0; local_code_block_count=0; raw_url_diff=0
RHI-CRIT-089,phase-8-critical-rerun-2026-03-17,2026-03-17,/salesforce-b2c-commerce-cloud-customer-erd/,src/content/posts/salesforce-b2c-commerce-cloud-customer-erd/index.md,erd|body-parity,Salesforce B2C Commerce Cloud Customer ERD,Salesforce B2C Commerce Cloud Customer ERD,0.933,0.556,1.000,improved,automated,pass,none,no-material-drift,No material reader-facing drift was detected in the critical-focused rerun.,No action required.,text_similarity=0.933; heading_similarity=0.556; code_similarity=1.000; live_code_block_count=0; local_code_block_count=0; raw_url_diff=0
RHI-CRIT-090,phase-8-critical-rerun-2026-03-17,2026-03-17,/salesforce-b2c-commerce-cloud-documentation/,src/content/posts/salesforce-b2c-commerce-cloud-documentation/index.md,longform|table-heavy,Salesforce B2C Commerce Cloud Documentation,Salesforce B2C Commerce Cloud Documentation,0.923,1.000,1.000,improved,automated,pass,none,no-material-drift,No material reader-facing drift was detected in the critical-focused rerun.,No action required.,text_similarity=0.923; heading_similarity=1.000; code_similarity=1.000; live_code_block_count=0; local_code_block_count=0; raw_url_diff=10
RHI-CRIT-091,phase-8-critical-rerun-2026-03-17,2026-03-17,/salesforce-b2c-commerce-cloud-governance-and-quotas/,src/content/posts/salesforce-b2c-commerce-cloud-governance-and-quotas/index.md,code-heavy|quota-guidance,Salesforce B2C Commerce Cloud Governance and Quotas,Salesforce B2C Commerce Cloud Governance and Quotas,0.926,0.704,1.000,improved,automated,pass,none,no-material-drift,No material reader-facing drift was detected in the critical-focused rerun.,No action required.,text_similarity=0.926; heading_similarity=0.704; code_similarity=1.000; live_code_block_count=3; local_code_block_count=3; raw_url_diff=0
RHI-CRIT-092,phase-8-critical-rerun-2026-03-17,2026-03-17,/salesforce-b2c-commerce-cloud-november-2022-updates/,src/content/posts/salesforce-b2c-commerce-cloud-november-2022-updates/index.md,release-notes|code-light,Salesforce B2C Commerce Cloud November 2022 Updates,Salesforce B2C Commerce Cloud November 2022 Updates,0.896,0.833,1.000,improved,automated,pass,none,no-material-drift,No material reader-facing drift was detected in the critical-focused rerun.,No action required.,text_similarity=0.896; heading_similarity=0.833; code_similarity=1.000; live_code_block_count=0; local_code_block_count=0; raw_url_diff=0
RHI-CRIT-093,phase-8-critical-rerun-2026-03-17,2026-03-17,/salesforce-b2c-commerce-cloud-october-updates/,src/content/posts/salesforce-b2c-commerce-cloud-october-updates/index.md,release-notes|trusted-agent|identifier-examples,Salesforce B2C Commerce Cloud October Updates,Salesforce B2C Commerce Cloud October Updates,0.963,1.000,1.000,unchanged,automated,pass,none,no-material-drift,No material reader-facing drift was detected in the critical-focused rerun.,No action required.,text_similarity=0.963; heading_similarity=1.000; code_similarity=1.000; live_code_block_count=0; local_code_block_count=0; raw_url_diff=0
RHI-CRIT-094,phase-8-critical-rerun-2026-03-17,2026-03-17,/salesforce-b2c-commerce-cloud-the-22-7-release/,src/content/posts/salesforce-b2c-commerce-cloud-the-22-7-release/index.md,release-notes|content-insertions,Salesforce B2C Commerce Cloud: The 22.7 Release,Salesforce B2C Commerce Cloud: The 22.7 Release,0.870,1.000,1.000,improved,automated,pass,none,no-material-drift,No material reader-facing drift was detected in the critical-focused rerun.,No action required.,text_similarity=0.870; heading_similarity=1.000; code_similarity=1.000; live_code_block_count=0; local_code_block_count=0; raw_url_diff=0
RHI-CRIT-095,phase-8-critical-rerun-2026-03-17,2026-03-17,/salesforce-b2c-commerce-the-22-5-release/,src/content/posts/salesforce-b2c-commerce-the-22-5-release/index.md,release-notes|content-insertions,Salesforce B2C Commerce: The 22.5 Release,Salesforce B2C Commerce: The 22.5 Release,0.903,1.000,1.000,improved,automated,pass,none,no-material-drift,No material reader-facing drift was detected in the critical-focused rerun.,No action required.,text_similarity=0.903; heading_similarity=1.000; code_similarity=1.000; live_code_block_count=0; local_code_block_count=0; raw_url_diff=0
RHI-CRIT-096,phase-8-critical-rerun-2026-03-17,2026-03-17,/salesforce-b2c-commerce-the-22-6-release/,src/content/posts/salesforce-b2c-commerce-the-22-6-release/index.md,release-notes|body-parity,Salesforce B2C Commerce: The 22.6 Release,Salesforce B2C Commerce: The 22.6 Release,0.930,1.000,1.000,unchanged,automated,pass,none,no-material-drift,No material reader-facing drift was detected in the critical-focused rerun.,No action required.,text_similarity=0.930; heading_similarity=1.000; code_similarity=1.000; live_code_block_count=0; local_code_block_count=0; raw_url_diff=0
RHI-CRIT-097,phase-8-critical-rerun-2026-03-17,2026-03-17,/salesforce-commerce-cloud-products/,src/content/posts/salesforce-commerce-cloud-products/index.md,product-overview|body-parity,9 Salesforce Commerce Cloud Products,9 Salesforce Commerce Cloud Products,0.925,1.000,1.000,unchanged,automated,pass,none,no-material-drift,No material reader-facing drift was detected in the critical-focused rerun.,No action required.,text_similarity=0.925; heading_similarity=1.000; code_similarity=1.000; live_code_block_count=0; local_code_block_count=0; raw_url_diff=0
RHI-CRIT-098,phase-8-critical-rerun-2026-03-17,2026-03-17,/salesforce-connections-2024-and-sfcc/,src/content/posts/salesforce-connections-2024-and-sfcc/index.md,community|events|body-parity,Salesforce Connections 2024 and B2C Commerce Cloud,Salesforce Connections 2024 and B2C Commerce Cloud,0.985,0.810,1.000,unchanged,automated,pass,none,no-material-drift,No material reader-facing drift was detected in the critical-focused rerun.,No action required.,text_similarity=0.985; heading_similarity=0.810; code_similarity=1.000; live_code_block_count=0; local_code_block_count=0; raw_url_diff=0
RHI-CRIT-099,phase-8-critical-rerun-2026-03-17,2026-03-17,/salesforce-payments-experience-explained/,src/content/posts/salesforce-payments-experience-explained/index.md,code-light|payments|inline-media,Salesforce (Commerce) Payments: Payment Integration Simplified,Salesforce Payments Explained,0.967,0.600,1.000,improved,automated,pass,none,expected-title-h1-drift,The strongest remaining difference is the expected live-versus-local H1 rewrite.,No action required for the critical queue unless headline alignment is later brought back into scope.,text_similarity=0.967; heading_similarity=0.600; code_similarity=1.000; live_code_block_count=0; local_code_block_count=0; raw_url_diff=0; live_h1=Salesforce (Commerce) Payments: Payment Integration Simplified; local_h1=Salesforce Payments Explained
RHI-CRIT-100,phase-8-critical-rerun-2026-03-17,2026-03-17,/secure-coding-in-salesforce-b2c-commerce-cloud/,src/content/posts/secure-coding-in-salesforce-b2c-commerce-cloud/index.md,code-heavy|security-guidance,Secure Coding in Salesforce B2C Commerce Cloud,Secure Coding in Salesforce B2C Commerce Cloud,0.924,1.000,1.000,improved,automated,pass,none,no-material-drift,No material reader-facing drift was detected in the critical-focused rerun.,No action required.,text_similarity=0.924; heading_similarity=1.000; code_similarity=1.000; live_code_block_count=1; local_code_block_count=1; raw_url_diff=0
RHI-CRIT-101,phase-8-critical-rerun-2026-03-17,2026-03-17,/sending-emails-from-sfcc/,src/content/posts/sending-emails-from-sfcc/index.md,code-heavy|email,Sending Emails from Salesforce B2C Commerce Cloud: A Comprehensive Guide,Sending Emails from SFCC,0.939,0.360,1.000,improved,automated,pass,none,expected-title-h1-drift,The strongest remaining difference is the expected live-versus-local H1 rewrite.,No action required for the critical queue unless headline alignment is later brought back into scope.,text_similarity=0.939; heading_similarity=0.360; code_similarity=1.000; live_code_block_count=3; local_code_block_count=3; raw_url_diff=0; live_h1=Sending Emails from Salesforce B2C Commerce Cloud: A Comprehensive Guide; local_h1=Sending Emails from SFCC
RHI-CRIT-102,phase-8-critical-rerun-2026-03-17,2026-03-17,/server-side-performance-in-sfcc/,src/content/posts/server-side-performance-in-sfcc/index.md,code-light|performance|inline-isml,Troubleshooting Server-Side Performance in Salesforce B2C Commerce Cloud,Server-Side Performance Troubleshooting in SFCC,0.935,1.000,1.000,improved,automated,pass,none,expected-title-h1-drift,The strongest remaining difference is the expected live-versus-local H1 rewrite.,No action required for the critical queue unless headline alignment is later brought back into scope.,text_similarity=0.935; heading_similarity=1.000; code_similarity=1.000; live_code_block_count=0; local_code_block_count=0; raw_url_diff=0; live_h1=Troubleshooting Server-Side Performance in Salesforce B2C Commerce Cloud; local_h1=Server-Side Performance Troubleshooting in SFCC
RHI-CRIT-103,phase-8-critical-rerun-2026-03-17,2026-03-17,/sfcc-24-1-release-a-new-year-update/,src/content/posts/sfcc-24-1-release-a-new-year-update/index.md,release-notes|content-insertions,Commerce Cloud 24.1 Release: A New Year Update,Commerce Cloud 24.1 Release: A New Year Update,0.908,1.000,1.000,unchanged,automated,pass,none,no-material-drift,No material reader-facing drift was detected in the critical-focused rerun.,No action required.,text_similarity=0.908; heading_similarity=1.000; code_similarity=1.000; live_code_block_count=0; local_code_block_count=0; raw_url_diff=0
RHI-CRIT-104,phase-8-critical-rerun-2026-03-17,2026-03-17,/sfcc-basket-order-erd/,src/content/posts/sfcc-basket-order-erd/index.md,erd|body-parity,Salesforce B2C Commerce Cloud Basket & Order ERD,Salesforce B2C Commerce Cloud Basket & Order ERD,0.908,0.333,1.000,improved,automated,pass,none,structure-only-drift,Only non-critical heading-structure drift was detected; the reader-visible body content remains materially aligned.,No action required unless heading structure must match live exactly.,text_similarity=0.908; heading_similarity=0.333; code_similarity=1.000; live_code_block_count=0; local_code_block_count=0; raw_url_diff=0
RHI-CRIT-105,phase-8-critical-rerun-2026-03-17,2026-03-17,/sfcc-introduction/,src/content/posts/sfcc-introduction/index.md,introduction|title-drift|presentation-drift,B2C Commerce Cloud Introduction: Exploring Features & Tech Stacks,B2C Commerce Cloud: Features and Tech Stacks,0.964,1.000,1.000,improved,automated,pass,none,expected-title-h1-drift,The strongest remaining difference is the expected live-versus-local H1 rewrite.,No action required for the critical queue unless headline alignment is later brought back into scope.,text_similarity=0.964; heading_similarity=1.000; code_similarity=1.000; live_code_block_count=1; local_code_block_count=1; raw_url_diff=0; live_h1=B2C Commerce Cloud Introduction: Exploring Features & Tech Stacks; local_h1=B2C Commerce Cloud: Features and Tech Stacks
RHI-CRIT-106,phase-8-critical-rerun-2026-03-17,2026-03-17,/sfcc-url-cracking-the-code/,src/content/posts/sfcc-url-cracking-the-code/index.md,code-heavy|url-examples,The Salesforce B2C Commerce Cloud URL: Cracking the Code,The Salesforce B2C Commerce Cloud URL: Cracking the Code,0.931,1.000,1.000,improved,automated,pass,none,no-material-drift,No material reader-facing drift was detected in the critical-focused rerun.,No action required.,text_similarity=0.931; heading_similarity=1.000; code_similarity=1.000; live_code_block_count=6; local_code_block_count=6; raw_url_diff=1
RHI-CRIT-107,phase-8-critical-rerun-2026-03-17,2026-03-17,/should-i-get-javascript-developer-i-certified/,src/content/posts/should-i-get-javascript-developer-i-certified/index.md,certification|body-parity,Should I get JavaScript Developer I certified?,Should I get JavaScript Developer I certified?,0.919,0.333,1.000,improved,automated,pass,none,structure-only-drift,Only non-critical heading-structure drift was detected; the reader-visible body content remains materially aligned.,No action required unless heading structure must match live exactly.,text_similarity=0.919; heading_similarity=0.333; code_similarity=1.000; live_code_block_count=0; local_code_block_count=0; raw_url_diff=0
RHI-CRIT-108,phase-8-critical-rerun-2026-03-17,2026-03-17,/should-i-use-sfra-rest-endpoints-in-a-composable-storefront/,src/content/posts/should-i-use-sfra-rest-endpoints-in-a-composable-storefront/index.md,architecture|headless|title-drift,Should I use SFRA controller REST endpoints in a Composable Storefront project?,Use SFRA REST Endpoints in a Composable Storefront?,0.935,1.000,1.000,improved,automated,pass,none,expected-title-h1-drift,The strongest remaining difference is the expected live-versus-local H1 rewrite.,No action required for the critical queue unless headline alignment is later brought back into scope.,text_similarity=0.935; heading_similarity=1.000; code_similarity=1.000; live_code_block_count=0; local_code_block_count=0; raw_url_diff=0; live_h1=Should I use SFRA controller REST endpoints in a Composable Storefront project?; local_h1=Use SFRA REST Endpoints in a Composable Storefront?
RHI-CRIT-109,phase-8-critical-rerun-2026-03-17,2026-03-17,/simplifying-the-salesforce-order-of-execution/,src/content/posts/simplifying-the-salesforce-order-of-execution/index.md,salesforce-platform|presentation-drift,Simplifying the Salesforce Order of Execution,Simplifying the Salesforce Order of Execution,0.944,0.733,1.000,improved,automated,pass,none,no-material-drift,No material reader-facing drift was detected in the critical-focused rerun.,No action required.,text_similarity=0.944; heading_similarity=0.733; code_similarity=1.000; live_code_block_count=0; local_code_block_count=0; raw_url_diff=0
RHI-CRIT-110,phase-8-critical-rerun-2026-03-17,2026-03-17,/sitegenesis-vs-sfra-vs-pwa/,src/content/posts/sitegenesis-vs-sfra-vs-pwa/index.md,longform|architecture,SiteGenesis vs SFRA vs PWA,SiteGenesis vs SFRA vs PWA,0.945,0.882,1.000,unchanged,automated,pass,none,no-material-drift,No material reader-facing drift was detected in the critical-focused rerun.,No action required.,text_similarity=0.945; heading_similarity=0.882; code_similarity=1.000; live_code_block_count=0; local_code_block_count=0; raw_url_diff=0
RHI-CRIT-111,phase-8-critical-rerun-2026-03-17,2026-03-17,/slas-in-sfra-or-sitegenesis/,src/content/posts/slas-in-sfra-or-sitegenesis/index.md,code-heavy|slas|hybrid-auth,Session Sync Showdown: From plugin_slas to Native Hybrid Auth in SFRA and SiteGenesis,SLAS Session Sync in SFRA and SiteGenesis,0.975,0.556,1.000,improved,automated,pass,none,expected-title-h1-drift,The strongest remaining difference is the expected live-versus-local H1 rewrite.,No action required for the critical queue unless headline alignment is later brought back into scope.,text_similarity=0.975; heading_similarity=0.556; code_similarity=1.000; live_code_block_count=0; local_code_block_count=0; raw_url_diff=0; live_h1=Session Sync Showdown: From plugin_slas to Native Hybrid Auth in SFRA and SiteGenesis; local_h1=SLAS Session Sync in SFRA and SiteGenesis
RHI-CRIT-112,phase-8-critical-rerun-2026-03-17,2026-03-17,/slicing-versus-variation-groups-in-sfcc/,src/content/posts/slicing-versus-variation-groups-in-sfcc/index.md,architecture|body-parity,Slicing versus Variation Groups in Commerce Cloud,Slicing versus Variation Groups in Commerce Cloud,0.962,0.429,1.000,improved,automated,pass,none,structure-only-drift,Only non-critical heading-structure drift was detected; the reader-visible body content remains materially aligned.,No action required unless heading structure must match live exactly.,text_similarity=0.962; heading_similarity=0.429; code_similarity=1.000; live_code_block_count=0; local_code_block_count=0; raw_url_diff=0
RHI-CRIT-113,phase-8-critical-rerun-2026-03-17,2026-03-17,/storefront-protection-in-the-pwa-kit/,src/content/posts/storefront-protection-in-the-pwa-kit/index.md,operations|security|body-parity,Storefront Protection For Your Composable Storefront,Storefront Protection For Your Composable Storefront,0.974,0.556,1.000,improved,automated,pass,none,no-material-drift,No material reader-facing drift was detected in the critical-focused rerun.,No action required.,text_similarity=0.974; heading_similarity=0.556; code_similarity=1.000; live_code_block_count=1; local_code_block_count=1; raw_url_diff=0
RHI-CRIT-114,phase-8-critical-rerun-2026-03-17,2026-03-17,/submit-multipart-form-data-to-a-third-party-service-in-sfcc/,src/content/posts/submit-multipart-form-data-to-a-third-party-service-in-sfcc/index.md,code-heavy|multipart-upload,Submit “multipart/form-data” to a third-party service in SFCC,Submit multipart/form-data in SFCC,0.920,1.000,1.000,improved,automated,pass,none,expected-title-h1-drift,The strongest remaining difference is the expected live-versus-local H1 rewrite.,No action required for the critical queue unless headline alignment is later brought back into scope.,text_similarity=0.920; heading_similarity=1.000; code_similarity=1.000; live_code_block_count=4; local_code_block_count=4; raw_url_diff=0; live_h1=Submit “multipart/form-data” to a third-party service in SFCC; local_h1=Submit multipart/form-data in SFCC
RHI-CRIT-115,phase-8-critical-rerun-2026-03-17,2026-03-17,/submitting-a-file-to-a-third-party-service-in-sfcc/,src/content/posts/submitting-a-file-to-a-third-party-service-in-sfcc/index.md,code-heavy|service-integration,Submitting a file to a third party service in SFCC,Submitting a file to a third party service in SFCC,0.892,1.000,1.000,unchanged,automated,pass,none,no-material-drift,No material reader-facing drift was detected in the critical-focused rerun.,No action required.,text_similarity=0.892; heading_similarity=1.000; code_similarity=1.000; live_code_block_count=5; local_code_block_count=5; raw_url_diff=0
RHI-CRIT-116,phase-8-critical-rerun-2026-03-17,2026-03-17,/taming-the-beast-a-developers-deep-dive-into-sfcc-meta-tag-rules/,src/content/posts/taming-the-beast-a-developers-deep-dive-into-sfcc-meta-tag-rules/index.md,code-heavy|meta-rules|inline-code,Taming the Beast: A Developer’s Deep Dive into SFCC Meta Tag Rules,Deep Dive into SFCC Meta Tag Rules,0.950,0.821,1.000,improved,automated,pass,none,expected-title-h1-drift,The strongest remaining difference is the expected live-versus-local H1 rewrite.,No action required for the critical queue unless headline alignment is later brought back into scope.,text_similarity=0.950; heading_similarity=0.821; code_similarity=1.000; live_code_block_count=0; local_code_block_count=0; raw_url_diff=0; live_h1=Taming the Beast: A Developer’s Deep Dive into SFCC Meta Tag Rules; local_h1=Deep Dive into SFCC Meta Tag Rules
RHI-CRIT-117,phase-8-critical-rerun-2026-03-17,2026-03-17,/the-attribute-fallback-system-in-sfcc/,src/content/posts/the-attribute-fallback-system-in-sfcc/index.md,architecture|title-drift|variation-groups,Variation Groups 101: The attribute fallback system in Commerce Cloud,Attribute Fallback in SFCC Variation Groups,0.964,1.000,1.000,improved,automated,pass,none,expected-title-h1-drift,The strongest remaining difference is the expected live-versus-local H1 rewrite.,No action required for the critical queue unless headline alignment is later brought back into scope.,text_similarity=0.964; heading_similarity=1.000; code_similarity=1.000; live_code_block_count=0; local_code_block_count=0; raw_url_diff=0; live_h1=Variation Groups 101: The attribute fallback system in Commerce Cloud; local_h1=Attribute Fallback in SFCC Variation Groups
RHI-CRIT-118,phase-8-critical-rerun-2026-03-17,2026-03-17,/the-b2c-commerce-architect-certification/,src/content/posts/the-b2c-commerce-architect-certification/index.md,certification|title-drift|presentation-drift,B2C Commerce Architect Certification: A Complete Guide to Preparation,B2C Commerce Architect Certification Guide,0.960,0.455,1.000,improved,automated,pass,none,expected-title-h1-drift,The strongest remaining difference is the expected live-versus-local H1 rewrite.,No action required for the critical queue unless headline alignment is later brought back into scope.,text_similarity=0.960; heading_similarity=0.455; code_similarity=1.000; live_code_block_count=0; local_code_block_count=0; raw_url_diff=0; live_h1=B2C Commerce Architect Certification: A Complete Guide to Preparation; local_h1=B2C Commerce Architect Certification Guide
RHI-CRIT-119,phase-8-critical-rerun-2026-03-17,2026-03-17,/the-createorders-api-in-sfcc/,src/content/posts/the-createorders-api-in-sfcc/index.md,code-heavy|api-auth,Effortlessly Create External Orders in Salesforce Commerce Cloud,Create External Orders in SFCC with createOrders,0.926,1.000,1.000,unchanged,manual-reviewed,pass,none,accepted-readable-url-drift,Rendered review confirms the angle-bracketed createOrders endpoint examples remain readable technical examples rather than a critical presentation defect.,No action required.,text_similarity=0.926; heading_similarity=1.000; code_similarity=1.000; live_code_block_count=3; local_code_block_count=3; raw_url_diff=2; malformed_urls=https://{shortCode}.api.commercecloud.salesforce.com/shopper/auth/v1/organizations/{organizationId}/oauth2/trusted-system/token>|https://{shortCode}.api.commercecloud.salesforce.com/checkout/orders/v1/organizations/{organizationId}/orders>; live_h1=Effortlessly Create External Orders in Salesforce Commerce Cloud; local_h1=Create External Orders in SFCC with createOrders
RHI-CRIT-120,phase-8-critical-rerun-2026-03-17,2026-03-17,/the-deprecation-of-the-uuid-token-for-api-clients/,src/content/posts/the-deprecation-of-the-uuid-token-for-api-clients/index.md,code-heavy|jwt|api-auth,The deprecation of the UUID Token for API Clients,The deprecation of the UUID Token for API Clients,0.935,0.077,1.000,improved,automated,pass,none,structure-only-drift,Only non-critical heading-structure drift was detected; the reader-visible body content remains materially aligned.,No action required unless heading structure must match live exactly.,text_similarity=0.935; heading_similarity=0.077; code_similarity=1.000; live_code_block_count=3; local_code_block_count=3; raw_url_diff=0
RHI-CRIT-121,phase-8-critical-rerun-2026-03-17,2026-03-17,/the-importance-of-origin-shielding/,src/content/posts/the-importance-of-origin-shielding/index.md,architecture|title-drift,The importance of Origin Shielding and your Commerce Cloud instance,Origin Shielding in Commerce Cloud,0.964,1.000,1.000,improved,automated,pass,none,expected-title-h1-drift,The strongest remaining difference is the expected live-versus-local H1 rewrite.,No action required for the critical queue unless headline alignment is later brought back into scope.,text_similarity=0.964; heading_similarity=1.000; code_similarity=1.000; live_code_block_count=0; local_code_block_count=0; raw_url_diff=2; live_h1=The importance of Origin Shielding and your Commerce Cloud instance; local_h1=Origin Shielding in Commerce Cloud
RHI-CRIT-122,phase-8-critical-rerun-2026-03-17,2026-03-17,/the-journey-from-developer-to-architect/,src/content/posts/the-journey-from-developer-to-architect/index.md,career|architecture|body-parity,The journey from developer to architect,The journey from developer to architect,0.942,0.857,1.000,unchanged,automated,pass,none,no-material-drift,No material reader-facing drift was detected in the critical-focused rerun.,No action required.,text_similarity=0.942; heading_similarity=0.857; code_similarity=1.000; live_code_block_count=0; local_code_block_count=0; raw_url_diff=0
RHI-CRIT-123,phase-8-critical-rerun-2026-03-17,2026-03-17,/the-latest-in-sfcc-version-24-7/,src/content/posts/the-latest-in-sfcc-version-24-7/index.md,release-notes|code-light,The Latest in B2C Commerce: Version 24.7 Focuses on Speed and Security,SFCC 24.7 Release Focused on Speed and Security,0.942,1.000,1.000,improved,automated,pass,none,expected-title-h1-drift,The strongest remaining difference is the expected live-versus-local H1 rewrite.,No action required for the critical queue unless headline alignment is later brought back into scope.,text_similarity=0.942; heading_similarity=1.000; code_similarity=1.000; live_code_block_count=0; local_code_block_count=0; raw_url_diff=0; live_h1=The Latest in B2C Commerce: Version 24.7 Focuses on Speed and Security; local_h1=SFCC 24.7 Release Focused on Speed and Security
RHI-CRIT-124,phase-8-critical-rerun-2026-03-17,2026-03-17,/the-move-from-on-site-to-remote/,src/content/posts/the-move-from-on-site-to-remote/index.md,career|remote-work|body-parity,The move from on-site to remote,The move from on-site to remote,0.948,1.000,1.000,unchanged,automated,pass,none,no-material-drift,No material reader-facing drift was detected in the critical-focused rerun.,No action required.,text_similarity=0.948; heading_similarity=1.000; code_similarity=1.000; live_code_block_count=0; local_code_block_count=0; raw_url_diff=0
RHI-CRIT-125,phase-8-critical-rerun-2026-03-17,2026-03-17,/the-move-from-sitegenesis-and-sfra-to-the-composable-storefront-as-a-developer/,src/content/posts/the-move-from-sitegenesis-and-sfra-to-the-composable-storefront-as-a-developer/index.md,architecture|headless|title-drift,The move from SiteGenesis and SFRA to the Composable Storefront as a developer,Moving from SiteGenesis and SFRA to Composable Storefront,0.955,1.000,1.000,improved,automated,pass,none,expected-title-h1-drift,The strongest remaining difference is the expected live-versus-local H1 rewrite.,No action required for the critical queue unless headline alignment is later brought back into scope.,text_similarity=0.955; heading_similarity=1.000; code_similarity=1.000; live_code_block_count=0; local_code_block_count=0; raw_url_diff=0; live_h1=The move from SiteGenesis and SFRA to the Composable Storefront as a developer; local_h1=Moving from SiteGenesis and SFRA to Composable Storefront
RHI-CRIT-126,phase-8-critical-rerun-2026-03-17,2026-03-17,/the-realm-split-field-guide-to-migrating-an-sfcc-site/,src/content/posts/the-realm-split-field-guide-to-migrating-an-sfcc-site/index.md,longform|architecture|migration,The Realm Split: A Developer’s Field Guide to Migrating an SFCC Site,Realm Split Guide for Migrating an SFCC Site,0.937,1.000,1.000,improved,automated,pass,none,expected-title-h1-drift,The strongest remaining difference is the expected live-versus-local H1 rewrite.,No action required for the critical queue unless headline alignment is later brought back into scope.,text_similarity=0.937; heading_similarity=1.000; code_similarity=1.000; live_code_block_count=0; local_code_block_count=0; raw_url_diff=0; live_h1=The Realm Split: A Developer’s Field Guide to Migrating an SFCC Site; local_h1=Realm Split Guide for Migrating an SFCC Site
RHI-CRIT-127,phase-8-critical-rerun-2026-03-17,2026-03-17,/the-request-body-in-an-sfcc-controller/,src/content/posts/the-request-body-in-an-sfcc-controller/index.md,code-heavy|controller-basics,How to retrieve the Request Body in an SFCC Controller easily,Get the Request Body in an SFCC Controller,0.962,0.714,1.000,improved,automated,pass,none,expected-title-h1-drift,The strongest remaining difference is the expected live-versus-local H1 rewrite.,No action required for the critical queue unless headline alignment is later brought back into scope.,text_similarity=0.962; heading_similarity=0.714; code_similarity=1.000; live_code_block_count=4; local_code_block_count=4; raw_url_diff=0; live_h1=How to retrieve the Request Body in an SFCC Controller easily; local_h1=Get the Request Body in an SFCC Controller
RHI-CRIT-128,phase-8-critical-rerun-2026-03-17,2026-03-17,/the-salesforce-b2c-commerce-cloud-environment/,src/content/posts/the-salesforce-b2c-commerce-cloud-environment/index.md,code-light|environment-architecture,Let’s GO-LIVE: The Salesforce B2C Commerce Cloud Environment,Let’s GO-LIVE: The Salesforce B2C Commerce Cloud Environment,0.893,1.000,1.000,improved,automated,pass,none,no-material-drift,No material reader-facing drift was detected in the critical-focused rerun.,No action required.,text_similarity=0.893; heading_similarity=1.000; code_similarity=1.000; live_code_block_count=0; local_code_block_count=0; raw_url_diff=0
RHI-CRIT-129,phase-8-critical-rerun-2026-03-17,2026-03-17,/the-sfcc-guide-to-finding-pod-numbers/,src/content/posts/the-sfcc-guide-to-finding-pod-numbers/index.md,code-heavy|placeholder-url|ops-guidance,The Ultimate SFCC Guide to Finding Your POD Number,The Ultimate SFCC Guide to Finding Your POD Number,0.963,0.846,1.000,improved,automated,pass,none,no-material-drift,No material reader-facing drift was detected in the critical-focused rerun.,No action required.,text_similarity=0.963; heading_similarity=0.846; code_similarity=1.000; live_code_block_count=0; local_code_block_count=0; raw_url_diff=0
RHI-CRIT-130,phase-8-critical-rerun-2026-03-17,2026-03-17,/the-state-of-ohana-for-salesforce-commerce-cloud/,src/content/posts/the-state-of-ohana-for-salesforce-commerce-cloud/index.md,community|ohana|body-parity,The state of Ohana for Salesforce Commerce Cloud,The state of Ohana for Salesforce Commerce Cloud,0.968,1.000,1.000,unchanged,automated,pass,none,no-material-drift,No material reader-facing drift was detected in the critical-focused rerun.,No action required.,text_similarity=0.968; heading_similarity=1.000; code_similarity=1.000; live_code_block_count=0; local_code_block_count=0; raw_url_diff=0
RHI-CRIT-131,phase-8-critical-rerun-2026-03-17,2026-03-17,/the-sunsetting-of-arc300-architect-b2c-commerce-solutions/,src/content/posts/the-sunsetting-of-arc300-architect-b2c-commerce-solutions/index.md,career|trailhead-academy|body-parity,The sunsetting of ARC300 (Architect B2C Commerce Solutions),The sunsetting of ARC300 (Architect B2C Commerce Solutions),0.946,0.250,1.000,improved,automated,pass,none,structure-only-drift,Only non-critical heading-structure drift was detected; the reader-visible body content remains materially aligned.,No action required unless heading structure must match live exactly.,text_similarity=0.946; heading_similarity=0.250; code_similarity=1.000; live_code_block_count=0; local_code_block_count=0; raw_url_diff=0
RHI-CRIT-132,phase-8-critical-rerun-2026-03-17,2026-03-17,/third-party-api-caching-in-commerce-cloud/,src/content/posts/third-party-api-caching-in-commerce-cloud/index.md,operations|caching|body-parity,Third-Party API Caching in Commerce Cloud,Third-Party API Caching in Commerce Cloud,0.946,0.846,1.000,unchanged,automated,pass,none,no-material-drift,No material reader-facing drift was detected in the critical-focused rerun.,No action required.,text_similarity=0.946; heading_similarity=0.846; code_similarity=1.000; live_code_block_count=1; local_code_block_count=1; raw_url_diff=0
RHI-CRIT-133,phase-8-critical-rerun-2026-03-17,2026-03-17,/three-things-to-secure-sfcc/,src/content/posts/three-things-to-secure-sfcc/index.md,code-light|security|governance,Three things you can do today to secure your SFCC environment,Three Ways to Secure Your SFCC Environment,0.966,1.000,1.000,improved,automated,pass,none,expected-title-h1-drift,The strongest remaining difference is the expected live-versus-local H1 rewrite.,No action required for the critical queue unless headline alignment is later brought back into scope.,text_similarity=0.966; heading_similarity=1.000; code_similarity=1.000; live_code_block_count=0; local_code_block_count=0; raw_url_diff=0; live_h1=Three things you can do today to secure your SFCC environment; local_h1=Three Ways to Secure Your SFCC Environment
RHI-CRIT-134,phase-8-critical-rerun-2026-03-17,2026-03-17,/trailblazerdx-2022-for-b2c-commerce/,src/content/posts/trailblazerdx-2022-for-b2c-commerce/index.md,community|event-guide|body-parity,TrailblazerDX 2022 for B2C Commerce,TrailblazerDX 2022 for B2C Commerce,0.951,0.909,1.000,unchanged,automated,pass,none,no-material-drift,No material reader-facing drift was detected in the critical-focused rerun.,No action required.,text_similarity=0.951; heading_similarity=0.909; code_similarity=1.000; live_code_block_count=0; local_code_block_count=0; raw_url_diff=0
RHI-CRIT-135,phase-8-critical-rerun-2026-03-17,2026-03-17,/understanding-locale-fallback-in-sfcc/,src/content/posts/understanding-locale-fallback-in-sfcc/index.md,operations|locale-fallback|identifier-examples,Understanding Locale Fallback in Salesforce B2C Commerce Cloud,Understanding Locale Fallback in SFCC,0.957,0.750,1.000,improved,automated,pass,none,expected-title-h1-drift,The strongest remaining difference is the expected live-versus-local H1 rewrite.,No action required for the critical queue unless headline alignment is later brought back into scope.,text_similarity=0.957; heading_similarity=0.750; code_similarity=1.000; live_code_block_count=0; local_code_block_count=0; raw_url_diff=0; live_h1=Understanding Locale Fallback in Salesforce B2C Commerce Cloud; local_h1=Understanding Locale Fallback in SFCC
RHI-CRIT-136,phase-8-critical-rerun-2026-03-17,2026-03-17,/understanding-sfcc-instances/,src/content/posts/understanding-sfcc-instances/index.md,architecture|instances|title-drift,Understanding Salesforce B2C Commerce Instances: A Comprehensive Guide,Understanding SFCC Instances,0.971,1.000,1.000,improved,automated,pass,none,expected-title-h1-drift,The strongest remaining difference is the expected live-versus-local H1 rewrite.,No action required for the critical queue unless headline alignment is later brought back into scope.,text_similarity=0.971; heading_similarity=1.000; code_similarity=1.000; live_code_block_count=0; local_code_block_count=0; raw_url_diff=0; live_h1=Understanding Salesforce B2C Commerce Instances: A Comprehensive Guide; local_h1=Understanding SFCC Instances
RHI-CRIT-137,phase-8-critical-rerun-2026-03-17,2026-03-17,/unravelling-the-mystery-of-dates-in-the-ocapi/,src/content/posts/unravelling-the-mystery-of-dates-in-the-ocapi/index.md,code-heavy|query-filters,Unravelling the mystery of dates in the OCAPI,Unravelling the mystery of dates in the OCAPI,0.931,1.000,1.000,unchanged,automated,pass,none,no-material-drift,No material reader-facing drift was detected in the critical-focused rerun.,No action required.,text_similarity=0.931; heading_similarity=1.000; code_similarity=1.000; live_code_block_count=5; local_code_block_count=5; raw_url_diff=0
RHI-CRIT-138,phase-8-critical-rerun-2026-03-17,2026-03-17,/what-can-i-use-chatgpt-for-when-working-with-salesforce/,src/content/posts/what-can-i-use-chatgpt-for-when-working-with-salesforce/index.md,ai|salesforce|body-parity,What can I use ChatGPT for when working with Salesforce?,What can I use ChatGPT for when working with Salesforce?,0.950,0.818,1.000,unchanged,automated,pass,none,no-material-drift,No material reader-facing drift was detected in the critical-focused rerun.,No action required.,text_similarity=0.950; heading_similarity=0.818; code_similarity=1.000; live_code_block_count=1; local_code_block_count=1; raw_url_diff=0
RHI-CRIT-139,phase-8-critical-rerun-2026-03-17,2026-03-17,/what-does-the-composable-storefront-mean-for-sfcc-developers/,src/content/posts/what-does-the-composable-storefront-mean-for-sfcc-developers/index.md,architecture|headless|title-drift,What does the Composable Storefront mean for SFCC Developers?,What Composable Storefront Means for SFCC Developers,0.934,0.727,1.000,improved,automated,pass,none,expected-title-h1-drift,The strongest remaining difference is the expected live-versus-local H1 rewrite.,No action required for the critical queue unless headline alignment is later brought back into scope.,text_similarity=0.934; heading_similarity=0.727; code_similarity=1.000; live_code_block_count=0; local_code_block_count=0; raw_url_diff=0; live_h1=What does the Composable Storefront mean for SFCC Developers?; local_h1=What Composable Storefront Means for SFCC Developers
RHI-CRIT-140,phase-8-critical-rerun-2026-03-17,2026-03-17,/what-is-commerce-on-core/,src/content/posts/what-is-commerce-on-core/index.md,architecture|platform-direction|body-parity,What is Salesforce B2C Commerce on Core?,What is Salesforce B2C Commerce on Core?,0.923,0.394,1.000,improved,automated,pass,none,structure-only-drift,Only non-critical heading-structure drift was detected; the reader-visible body content remains materially aligned.,No action required unless heading structure must match live exactly.,text_similarity=0.923; heading_similarity=0.394; code_similarity=1.000; live_code_block_count=0; local_code_block_count=0; raw_url_diff=0
RHI-CRIT-141,phase-8-critical-rerun-2026-03-17,2026-03-17,/what-is-new-in-sfcc-24-6/,src/content/posts/what-is-new-in-sfcc-24-6/index.md,release-notes|sftp-algorithms|baseline-sensitive,What is new in Salesforce Commerce Cloud 24.6?,What is new in Salesforce Commerce Cloud 24.6?,0.944,1.000,1.000,unchanged,automated,pass,none,no-material-drift,No material reader-facing drift was detected in the critical-focused rerun.,No action required.,text_similarity=0.944; heading_similarity=1.000; code_similarity=1.000; live_code_block_count=0; local_code_block_count=0; raw_url_diff=0
RHI-CRIT-142,phase-8-critical-rerun-2026-03-17,2026-03-17,/what-is-new-in-the-23-8-commerce-cloud-release/,src/content/posts/what-is-new-in-the-23-8-commerce-cloud-release/index.md,release-notes|api-attributes|endpoint-tokens,What is new in the 23.8 Commerce Cloud release?,What is new in the 23.8 Commerce Cloud release?,0.964,1.000,1.000,improved,automated,pass,none,no-material-drift,No material reader-facing drift was detected in the critical-focused rerun.,No action required.,text_similarity=0.964; heading_similarity=1.000; code_similarity=1.000; live_code_block_count=0; local_code_block_count=0; raw_url_diff=0
RHI-CRIT-143,phase-8-critical-rerun-2026-03-17,2026-03-17,/what-is-oci-omnichannel-inventory/,src/content/posts/what-is-oci-omnichannel-inventory/index.md,operations|inventory|body-parity,What is OCI (Omnichannel Inventory),What is OCI (Omnichannel Inventory),0.916,0.538,1.000,improved,automated,pass,none,structure-only-drift,Only non-critical heading-structure drift was detected; the reader-visible body content remains materially aligned.,No action required unless heading structure must match live exactly.,text_similarity=0.916; heading_similarity=0.538; code_similarity=1.000; live_code_block_count=0; local_code_block_count=0; raw_url_diff=0
RHI-CRIT-144,phase-8-critical-rerun-2026-03-17,2026-03-17,/what-is-the-ocapi-session-bridge/,src/content/posts/what-is-the-ocapi-session-bridge/index.md,code-heavy|api-config,What is the OCAPI session bridge?,What is the OCAPI session bridge?,0.920,0.692,1.000,improved,automated,pass,none,no-material-drift,No material reader-facing drift was detected in the critical-focused rerun.,No action required.,text_similarity=0.920; heading_similarity=0.692; code_similarity=1.000; live_code_block_count=8; local_code_block_count=8; raw_url_diff=0
RHI-CRIT-145,phase-8-critical-rerun-2026-03-17,2026-03-17,/what-is-the-sfcc-managed-runtime/,src/content/posts/what-is-the-sfcc-managed-runtime/index.md,headless|managed-runtime|body-parity,What is the Salesforce B2C Commerce Cloud Managed Runtime?,What is the Salesforce B2C Commerce Cloud Managed Runtime?,0.932,0.500,1.000,improved,automated,pass,none,structure-only-drift,Only non-critical heading-structure drift was detected; the reader-visible body content remains materially aligned.,No action required unless heading structure must match live exactly.,text_similarity=0.932; heading_similarity=0.500; code_similarity=1.000; live_code_block_count=0; local_code_block_count=0; raw_url_diff=0
RHI-CRIT-146,phase-8-critical-rerun-2026-03-17,2026-03-17,/what-skills-do-i-need-as-a-sfcc-architect/,src/content/posts/what-skills-do-i-need-as-a-sfcc-architect/index.md,architecture|career|title-drift,What skills do I need as a Salesforce Commerce Cloud Architect?,Skills You Need as an SFCC Architect,0.960,1.000,1.000,improved,automated,pass,none,expected-title-h1-drift,The strongest remaining difference is the expected live-versus-local H1 rewrite.,No action required for the critical queue unless headline alignment is later brought back into scope.,text_similarity=0.960; heading_similarity=1.000; code_similarity=1.000; live_code_block_count=0; local_code_block_count=0; raw_url_diff=0; live_h1=What skills do I need as a Salesforce Commerce Cloud Architect?; local_h1=Skills You Need as an SFCC Architect
RHI-CRIT-147,phase-8-critical-rerun-2026-03-17,2026-03-17,/where-is-the-new-sfcc-documentation/,src/content/posts/where-is-the-new-sfcc-documentation/index.md,documentation|platform-change|body-parity,Where can I find the new SFCC Documentation?,Where can I find the new SFCC Documentation?,0.934,1.000,1.000,improved,automated,pass,none,no-material-drift,No material reader-facing drift was detected in the critical-focused rerun.,No action required.,text_similarity=0.934; heading_similarity=1.000; code_similarity=1.000; live_code_block_count=0; local_code_block_count=0; raw_url_diff=0
RHI-CRIT-148,phase-8-critical-rerun-2026-03-17,2026-03-17,/where-to-hook-into-an-sfra-controller/,src/content/posts/where-to-hook-into-an-sfra-controller/index.md,code-heavy|controller-hooks,Where can you “hook” into an SFRA request or controller?,"Where can you ""hook"" into an SFRA request or controller?",0.917,0.833,1.000,unchanged,automated,pass,none,no-material-drift,No material reader-facing drift was detected in the critical-focused rerun.,No action required.,text_similarity=0.917; heading_similarity=0.833; code_similarity=1.000; live_code_block_count=5; local_code_block_count=5; raw_url_diff=0
RHI-CRIT-149,phase-8-critical-rerun-2026-03-17,2026-03-17,/where-to-start-when-you-are-new-to-salesforce-b2c-commerce-cloud-development/,src/content/posts/where-to-start-when-you-are-new-to-salesforce-b2c-commerce-cloud-development/index.md,onboarding|title-drift,Where to start when you are new to Salesforce B2C Commerce Cloud development?,Where to Start with SFCC Development,0.961,1.000,1.000,improved,automated,pass,none,expected-title-h1-drift,The strongest remaining difference is the expected live-versus-local H1 rewrite.,No action required for the critical queue unless headline alignment is later brought back into scope.,text_similarity=0.961; heading_similarity=1.000; code_similarity=1.000; live_code_block_count=0; local_code_block_count=0; raw_url_diff=0; live_h1=Where to start when you are new to Salesforce B2C Commerce Cloud development?; local_h1=Where to Start with SFCC Development
RHI-CRIT-150,phase-8-critical-rerun-2026-03-17,2026-03-17,/why-circumventing-sfcc-quota-limits-is-a-bad-idea/,src/content/posts/why-circumventing-sfcc-quota-limits-is-a-bad-idea/index.md,code-heavy|quota-guidance,Why Circumventing Salesforce B2C Commerce Cloud Quota Limits Is a Bad Idea,Why Bypassing SFCC Quota Limits Backfires,0.980,1.000,1.000,changed,automated,pass,none,expected-title-h1-drift,The strongest remaining difference is the expected live-versus-local H1 rewrite.,No action required for the critical queue unless headline alignment is later brought back into scope.,text_similarity=0.980; heading_similarity=1.000; code_similarity=1.000; live_code_block_count=1; local_code_block_count=1; raw_url_diff=0; live_h1=Why Circumventing Salesforce B2C Commerce Cloud Quota Limits Is a Bad Idea; local_h1=Why Bypassing SFCC Quota Limits Backfires
RHI-CRIT-151,phase-8-critical-rerun-2026-03-17,2026-03-17,/your-definitive-mobile-app-checklist/,src/content/posts/your-definitive-mobile-app-checklist/index.md,code-heavy|scapi|slas|checklist,The Headless Go-Live Gauntlet: Your Definitive SCAPI & SLAS Mobile App Checklist,Mobile App Launch Checklist for Commerce Teams,0.962,1.000,1.000,improved,automated,pass,none,expected-title-h1-drift,The strongest remaining difference is the expected live-versus-local H1 rewrite.,No action required for the critical queue unless headline alignment is later brought back into scope.,text_similarity=0.962; heading_similarity=1.000; code_similarity=1.000; live_code_block_count=0; local_code_block_count=0; raw_url_diff=0; live_h1=The Headless Go-Live Gauntlet: Your Definitive SCAPI & SLAS Mobile App Checklist; local_h1=Mobile App Launch Checklist for Commerce Teams
